id,source,target,co_occurrence,harmony_score
1,121,269,150,1.0000
2,121,134,134,0.8933
3,134,269,95,0.6333
4,115,269,78,0.5200
5,134,290,65,0.4333
6,19,121,63,0.4200
7,269,298,62,0.4133
8,115,134,59,0.3933
9,115,121,59,0.3933
10,121,220,54,0.3600
11,118,134,50,0.3333
12,143,269,49,0.3267
13,121,277,48,0.3200
14,121,290,48,0.3200
15,134,143,47,0.3133
16,269,290,47,0.3133
17,109,134,47,0.3133
18,26,269,47,0.3133
19,120,121,45,0.3000
20,19,134,45,0.3000
21,36,269,42,0.2800
22,115,243,41,0.2733
23,118,269,41,0.2733
24,143,298,40,0.2667
25,72,134,39,0.2600
26,134,277,39,0.2600
27,19,269,38,0.2533
28,259,269,37,0.2467
29,269,277,37,0.2467
30,109,121,36,0.2400
31,109,290,36,0.2400
32,120,269,36,0.2400
33,220,269,36,0.2400
34,115,290,35,0.2333
35,134,282,35,0.2333
36,115,298,34,0.2267
37,100,134,34,0.2267
38,134,298,34,0.2267
39,72,115,33,0.2200
40,28,121,33,0.2200
41,72,269,32,0.2133
42,259,298,31,0.2067
43,125,203,31,0.2067
44,118,121,31,0.2067
45,35,121,30,0.2000
46,134,243,30,0.2000
47,28,269,29,0.1933
48,89,269,29,0.1933
49,36,134,29,0.1933
50,36,121,29,0.1933
51,297,298,28,0.1867
52,121,143,28,0.1867
53,203,265,28,0.1867
54,243,269,28,0.1867
55,72,298,27,0.1800
56,121,212,27,0.1800
57,134,199,27,0.1800
58,55,269,27,0.1800
59,134,202,26,0.1733
60,141,143,26,0.1733
61,121,243,26,0.1733
62,202,269,26,0.1733
63,118,290,26,0.1733
64,67,269,25,0.1667
65,120,134,25,0.1667
66,134,259,25,0.1667
67,100,298,24,0.1600
68,72,290,23,0.1533
69,115,118,23,0.1533
70,243,290,23,0.1533
71,143,259,23,0.1533
72,72,121,23,0.1533
73,72,118,23,0.1533
74,118,143,23,0.1533
75,109,269,23,0.1533
76,109,202,22,0.1467
77,108,109,22,0.1467
78,134,220,22,0.1467
79,225,269,22,0.1467
80,121,293,22,0.1467
81,269,281,21,0.1400
82,36,115,21,0.1400
83,11,269,21,0.1400
84,105,121,21,0.1400
85,89,121,21,0.1400
86,100,199,21,0.1400
87,134,212,21,0.1400
88,121,298,21,0.1400
89,258,298,21,0.1400
90,51,298,20,0.1333
91,89,290,20,0.1333
92,108,134,20,0.1333
93,72,109,20,0.1333
94,115,259,20,0.1333
95,189,199,20,0.1333
96,19,212,19,0.1267
97,26,115,19,0.1267
98,121,259,19,0.1267
99,35,269,19,0.1267
100,121,202,19,0.1267
101,254,290,19,0.1267
102,19,220,19,0.1267
103,100,282,19,0.1267
104,144,269,19,0.1267
105,22,121,18,0.1200
106,118,298,18,0.1200
107,97,298,18,0.1200
108,199,240,18,0.1200
109,143,183,18,0.1200
110,26,121,18,0.1200
111,199,282,18,0.1200
112,189,269,18,0.1200
113,71,269,18,0.1200
114,109,115,18,0.1200
115,199,269,17,0.1133
116,8,134,17,0.1133
117,218,269,17,0.1133
118,115,116,17,0.1133
119,125,265,17,0.1133
120,77,269,17,0.1133
121,109,118,17,0.1133
122,202,290,17,0.1133
123,121,210,17,0.1133
124,183,269,17,0.1133
125,51,143,17,0.1133
126,76,199,17,0.1133
127,116,269,17,0.1133
128,100,121,17,0.1133
129,72,143,17,0.1133
130,115,144,16,0.1067
131,17,269,16,0.1067
132,134,174,16,0.1067
133,121,130,16,0.1067
134,8,290,16,0.1067
135,100,115,16,0.1067
136,134,189,16,0.1067
137,170,265,16,0.1067
138,108,290,16,0.1067
139,105,269,16,0.1067
140,134,155,16,0.1067
141,89,109,16,0.1067
142,100,143,16,0.1067
143,28,134,16,0.1067
144,258,269,16,0.1067
145,115,277,16,0.1067
146,277,290,16,0.1067
147,121,282,16,0.1067
148,100,259,16,0.1067
149,72,259,15,0.1000
150,212,269,15,0.1000
151,90,134,15,0.1000
152,219,298,15,0.1000
153,210,269,15,0.1000
154,134,177,15,0.1000
155,100,269,15,0.1000
156,97,269,15,0.1000
157,120,220,15,0.1000
158,105,134,15,0.1000
159,134,204,15,0.1000
160,121,189,15,0.1000
161,27,269,14,0.0933
162,232,269,14,0.0933
163,17,26,14,0.0933
164,19,28,14,0.0933
165,77,290,14,0.0933
166,134,203,14,0.0933
167,199,298,14,0.0933
168,100,189,14,0.0933
169,172,218,14,0.0933
170,134,156,14,0.0933
171,100,109,14,0.0933
172,261,269,14,0.0933
173,121,199,14,0.0933
174,134,185,14,0.0933
175,134,227,14,0.0933
176,118,202,14,0.0933
177,36,243,14,0.0933
178,269,274,14,0.0933
179,8,72,14,0.0933
180,144,243,14,0.0933
181,182,269,14,0.0933
182,220,277,13,0.0867
183,170,199,13,0.0867
184,67,121,13,0.0867
185,133,134,13,0.0867
186,72,204,13,0.0867
187,265,282,13,0.0867
188,77,89,13,0.0867
189,36,143,13,0.0867
190,121,222,13,0.0867
191,125,134,13,0.0867
192,109,199,13,0.0867
193,120,277,12,0.0800
194,134,265,12,0.0800
195,26,259,12,0.0800
196,182,183,12,0.0800
197,121,232,12,0.0800
198,100,185,12,0.0800
199,143,258,12,0.0800
200,78,199,12,0.0800
201,76,269,12,0.0800
202,121,204,12,0.0800
203,121,227,12,0.0800
204,204,290,12,0.0800
205,55,121,12,0.0800
206,130,269,12,0.0800
207,121,261,12,0.0800
208,115,204,12,0.0800
209,258,259,12,0.0800
210,118,243,12,0.0800
211,19,277,12,0.0800
212,72,243,12,0.0800
213,104,269,12,0.0800
214,71,259,12,0.0800
215,19,290,12,0.0800
216,77,109,12,0.0800
217,109,282,12,0.0800
218,26,27,12,0.0800
219,8,109,11,0.0733
220,115,143,11,0.0733
221,121,170,11,0.0733
222,115,170,11,0.0733
223,104,121,11,0.0733
224,134,170,11,0.0733
225,189,298,11,0.0733
226,204,269,11,0.0733
227,72,158,11,0.0733
228,137,269,11,0.0733
229,100,170,11,0.0733
230,108,269,11,0.0733
231,158,269,11,0.0733
232,170,282,11,0.0733
233,26,298,11,0.0733
234,108,118,11,0.0733
235,243,277,11,0.0733
236,121,246,11,0.0733
237,143,290,11,0.0733
238,36,298,11,0.0733
239,74,290,11,0.0733
240,269,293,11,0.0733
241,46,240,11,0.0733
242,121,238,11,0.0733
243,269,282,11,0.0733
244,35,115,11,0.0733
245,227,269,11,0.0733
246,28,220,11,0.0733
247,70,269,11,0.0733
248,77,121,11,0.0733
249,22,269,11,0.0733
250,115,199,11,0.0733
251,259,282,11,0.0733
252,89,202,11,0.0733
253,109,170,11,0.0733
254,143,274,11,0.0733
255,11,67,10,0.0667
256,239,240,10,0.0667
257,109,204,10,0.0667
258,89,281,10,0.0667
259,47,269,10,0.0667
260,22,210,10,0.0667
261,141,269,10,0.0667
262,51,219,10,0.0667
263,264,265,10,0.0667
264,134,183,10,0.0667
265,10,203,10,0.0667
266,51,269,10,0.0667
267,75,269,10,0.0667
268,75,259,10,0.0667
269,76,189,10,0.0667
270,78,266,10,0.0667
271,109,210,10,0.0667
272,109,259,10,0.0667
273,28,120,10,0.0667
274,19,118,10,0.0667
275,100,224,10,0.0667
276,199,259,10,0.0667
277,72,199,10,0.0667
278,19,120,10,0.0667
279,134,254,10,0.0667
280,26,144,10,0.0667
281,134,275,10,0.0667
282,72,108,10,0.0667
283,115,202,10,0.0667
284,170,240,10,0.0667
285,170,266,10,0.0667
286,26,71,10,0.0667
287,72,100,10,0.0667
288,170,259,10,0.0667
289,134,250,9,0.0600
290,121,149,9,0.0600
291,282,298,9,0.0600
292,67,115,9,0.0600
293,36,72,9,0.0600
294,35,134,9,0.0600
295,134,142,9,0.0600
296,8,115,9,0.0600
297,170,203,9,0.0600
298,134,201,9,0.0600
299,170,294,9,0.0600
300,108,143,9,0.0600
301,170,298,9,0.0600
302,72,142,9,0.0600
303,282,294,9,0.0600
304,272,298,9,0.0600
305,222,269,9,0.0600
306,143,182,9,0.0600
307,90,290,9,0.0600
308,259,294,9,0.0600
309,199,294,9,0.0600
310,72,170,9,0.0600
311,64,121,9,0.0600
312,26,225,9,0.0600
313,72,294,9,0.0600
314,199,239,9,0.0600
315,115,282,9,0.0600
316,212,290,9,0.0600
317,294,298,9,0.0600
318,199,224,9,0.0600
319,121,156,9,0.0600
320,49,269,9,0.0600
321,74,134,9,0.0600
322,128,134,9,0.0600
323,121,142,9,0.0600
324,121,294,9,0.0600
325,26,143,9,0.0600
326,238,269,9,0.0600
327,115,142,9,0.0600
328,134,294,9,0.0600
329,140,199,9,0.0600
330,121,174,9,0.0600
331,47,89,9,0.0600
332,77,210,9,0.0600
333,121,183,9,0.0600
334,74,269,9,0.0600
335,93,109,9,0.0600
336,8,108,9,0.0600
337,269,276,9,0.0600
338,269,287,9,0.0600
339,72,282,9,0.0600
340,100,142,9,0.0600
341,143,202,9,0.0600
342,47,121,9,0.0600
343,115,294,9,0.0600
344,218,298,9,0.0600
345,174,290,9,0.0600
346,36,189,9,0.0600
347,143,287,9,0.0600
348,142,294,9,0.0600
349,89,134,9,0.0600
350,109,298,9,0.0600
351,100,294,9,0.0600
352,47,64,9,0.0600
353,142,298,9,0.0600
354,254,269,9,0.0600
355,219,269,9,0.0600
356,142,259,9,0.0600
357,109,142,9,0.0600
358,269,297,9,0.0600
359,142,199,9,0.0600
360,203,266,9,0.0600
361,142,170,9,0.0600
362,142,282,9,0.0600
363,109,294,9,0.0600
364,174,269,9,0.0600
365,172,298,8,0.0533
366,204,243,8,0.0533
367,246,269,8,0.0533
368,202,243,8,0.0533
369,269,285,8,0.0533
370,227,282,8,0.0533
371,134,291,8,0.0533
372,146,269,8,0.0533
373,89,210,8,0.0533
374,120,290,8,0.0533
375,121,185,8,0.0533
376,218,259,8,0.0533
377,109,243,8,0.0533
378,134,258,8,0.0533
379,121,155,8,0.0533
380,258,297,8,0.0533
381,121,254,8,0.0533
382,277,298,8,0.0533
383,90,174,8,0.0533
384,285,298,8,0.0533
385,121,178,8,0.0533
386,128,243,8,0.0533
387,36,277,8,0.0533
388,28,36,8,0.0533
389,275,282,8,0.0533
390,134,297,8,0.0533
391,89,93,8,0.0533
392,19,35,8,0.0533
393,201,269,8,0.0533
394,225,281,8,0.0533
395,225,259,8,0.0533
396,134,213,8,0.0533
397,134,141,8,0.0533
398,26,67,8,0.0533
399,19,115,8,0.0533
400,99,100,8,0.0533
401,8,118,8,0.0533
402,11,36,8,0.0533
403,115,225,8,0.0533
404,189,282,8,0.0533
405,70,76,8,0.0533
406,289,290,8,0.0533
407,11,121,8,0.0533
408,158,298,8,0.0533
409,143,185,8,0.0533
410,66,269,8,0.0533
411,8,269,8,0.0533
412,199,227,8,0.0533
413,108,121,8,0.0533
414,115,189,8,0.0533
415,278,298,8,0.0533
416,78,240,8,0.0533
417,118,258,8,0.0533
418,50,203,8,0.0533
419,115,120,8,0.0533
420,76,134,8,0.0533
421,125,266,8,0.0533
422,74,115,8,0.0533
423,10,125,8,0.0533
424,121,225,8,0.0533
425,154,269,8,0.0533
426,185,269,8,0.0533
427,22,115,8,0.0533
428,250,269,8,0.0533
429,185,290,8,0.0533
430,72,254,8,0.0533
431,118,149,8,0.0533
432,121,141,8,0.0533
433,26,70,7,0.0467
434,70,199,7,0.0467
435,36,118,7,0.0467
436,115,146,7,0.0467
437,22,134,7,0.0467
438,121,226,7,0.0467
439,97,134,7,0.0467
440,118,220,7,0.0467
441,125,170,7,0.0467
442,143,277,7,0.0467
443,183,298,7,0.0467
444,74,121,7,0.0467
445,203,282,7,0.0467
446,10,265,7,0.0467
447,51,183,7,0.0467
448,274,298,7,0.0467
449,115,160,7,0.0467
450,74,118,7,0.0467
451,76,211,7,0.0467
452,143,219,7,0.0467
453,115,232,7,0.0467
454,75,258,7,0.0467
455,183,257,7,0.0467
456,50,265,7,0.0467
457,143,243,7,0.0467
458,115,154,7,0.0467
459,108,202,7,0.0467
460,287,298,7,0.0467
461,121,128,7,0.0467
462,121,250,7,0.0467
463,118,204,7,0.0467
464,36,281,7,0.0467
465,26,134,7,0.0467
466,36,290,7,0.0467
467,116,121,7,0.0467
468,72,272,7,0.0467
469,134,146,7,0.0467
470,79,121,7,0.0467
471,70,121,7,0.0467
472,118,155,7,0.0467
473,224,239,7,0.0467
474,217,218,7,0.0467
475,11,199,7,0.0467
476,26,36,7,0.0467
477,109,189,7,0.0467
478,240,265,7,0.0467
479,8,243,7,0.0467
480,201,290,7,0.0467
481,240,266,7,0.0467
482,90,109,7,0.0467
483,178,269,7,0.0467
484,224,240,7,0.0467
485,212,220,7,0.0467
486,134,232,7,0.0467
487,121,177,7,0.0467
488,100,118,7,0.0467
489,225,298,7,0.0467
490,134,182,7,0.0467
491,89,189,7,0.0467
492,134,261,7,0.0467
493,118,219,7,0.0467
494,100,290,7,0.0467
495,134,293,7,0.0467
496,72,219,7,0.0467
497,121,144,7,0.0467
498,77,276,7,0.0467
499,118,259,7,0.0467
500,134,266,7,0.0467
501,109,174,7,0.0467
502,207,290,7,0.0467
503,19,109,7,0.0467
504,120,298,7,0.0467
505,72,154,7,0.0467
506,93,180,7,0.0467
507,93,269,7,0.0467
508,218,251,7,0.0467
509,202,298,7,0.0467
510,120,212,7,0.0467
511,55,168,7,0.0467
512,63,143,7,0.0467
513,89,180,7,0.0467
514,203,240,6,0.0400
515,35,220,6,0.0400
516,51,172,6,0.0400
517,125,264,6,0.0400
518,266,275,6,0.0400
519,266,282,6,0.0400
520,9,290,6,0.0400
521,55,89,6,0.0400
522,188,227,6,0.0400
523,210,290,6,0.0400
524,76,78,6,0.0400
525,76,121,6,0.0400
526,22,212,6,0.0400
527,50,170,6,0.0400
528,114,134,6,0.0400
529,199,223,6,0.0400
530,93,290,6,0.0400
531,115,155,6,0.0400
532,181,269,6,0.0400
533,177,269,6,0.0400
534,67,281,6,0.0400
535,199,211,6,0.0400
536,115,131,6,0.0400
537,74,254,6,0.0400
538,130,212,6,0.0400
539,115,210,6,0.0400
540,70,115,6,0.0400
541,55,199,6,0.0400
542,49,121,6,0.0400
543,11,26,6,0.0400
544,83,199,6,0.0400
545,11,115,6,0.0400
546,49,89,6,0.0400
547,115,178,6,0.0400
548,115,149,6,0.0400
549,134,158,6,0.0400
550,155,269,6,0.0400
551,70,144,6,0.0400
552,134,144,6,0.0400
553,134,154,6,0.0400
554,115,254,6,0.0400
555,115,158,6,0.0400
556,134,285,6,0.0400
557,134,240,6,0.0400
558,115,128,6,0.0400
559,134,149,6,0.0400
560,134,271,6,0.0400
561,121,133,6,0.0400
562,121,266,6,0.0400
563,28,212,6,0.0400
564,115,258,6,0.0400
565,77,86,6,0.0400
566,77,202,6,0.0400
567,19,130,6,0.0400
568,100,227,6,0.0400
569,218,258,6,0.0400
570,64,109,6,0.0400
571,172,173,6,0.0400
572,218,252,6,0.0400
573,202,210,6,0.0400
574,100,120,6,0.0400
575,28,290,6,0.0400
576,109,185,6,0.0400
577,131,269,6,0.0400
578,64,267,6,0.0400
579,121,274,6,0.0400
580,100,202,6,0.0400
581,64,202,6,0.0400
582,64,290,6,0.0400
583,109,254,6,0.0400
584,64,89,6,0.0400
585,141,259,6,0.0400
586,258,272,6,0.0400
587,258,281,6,0.0400
588,109,155,6,0.0400
589,147,269,6,0.0400
590,224,282,6,0.0400
591,115,185,6,0.0400
592,26,281,6,0.0400
593,78,269,6,0.0400
594,78,189,6,0.0400
595,26,261,6,0.0400
596,26,146,6,0.0400
597,26,118,6,0.0400
598,8,121,6,0.0400
599,116,298,6,0.0400
600,116,290,6,0.0400
601,72,131,6,0.0400
602,51,100,6,0.0400
603,36,120,6,0.0400
604,36,200,6,0.0400
605,36,158,6,0.0400
606,105,277,6,0.0400
607,196,269,6,0.0400
608,140,189,6,0.0400
609,154,298,6,0.0400
610,143,158,6,0.0400
611,143,272,6,0.0400
612,36,225,6,0.0400
613,86,269,6,0.0400
614,118,182,6,0.0400
615,143,189,6,0.0400
616,207,298,6,0.0400
617,207,285,6,0.0400
618,35,222,6,0.0400
619,120,243,6,0.0400
620,121,154,6,0.0400
621,75,298,6,0.0400
622,118,141,6,0.0400
623,75,218,6,0.0400
624,36,259,6,0.0400
625,17,115,6,0.0400
626,252,298,6,0.0400
627,35,277,6,0.0400
628,120,293,6,0.0400
629,46,78,6,0.0400
630,118,212,6,0.0400
631,143,297,6,0.0400
632,118,174,6,0.0400
633,118,183,6,0.0400
634,189,211,6,0.0400
635,118,210,6,0.0400
636,144,146,5,0.0333
637,144,290,5,0.0333
638,42,269,5,0.0333
639,125,188,5,0.0333
640,118,254,5,0.0333
641,183,214,5,0.0333
642,115,220,5,0.0333
643,125,145,5,0.0333
644,264,266,5,0.0333
645,212,293,5,0.0333
646,125,282,5,0.0333
647,55,109,5,0.0333
648,212,277,5,0.0333
649,180,269,5,0.0333
650,210,243,5,0.0333
651,76,100,5,0.0333
652,115,182,5,0.0333
653,22,118,5,0.0333
654,50,264,5,0.0333
655,50,282,5,0.0333
656,76,298,5,0.0333
657,149,269,5,0.0333
658,50,266,5,0.0333
659,22,28,5,0.0333
660,189,218,5,0.0333
661,76,240,5,0.0333
662,121,193,5,0.0333
663,22,222,5,0.0333
664,114,121,5,0.0333
665,252,258,5,0.0333
666,121,218,5,0.0333
667,252,269,5,0.0333
668,115,147,5,0.0333
669,44,269,5,0.0333
670,143,149,5,0.0333
671,115,207,5,0.0333
672,199,218,5,0.0333
673,11,55,5,0.0333
674,36,227,5,0.0333
675,36,70,5,0.0333
676,151,269,5,0.0333
677,143,154,5,0.0333
678,199,273,5,0.0333
679,149,150,5,0.0333
680,35,120,5,0.0333
681,199,225,5,0.0333
682,11,281,5,0.0333
683,177,282,5,0.0333
684,137,225,5,0.0333
685,199,233,5,0.0333
686,121,203,5,0.0333
687,143,218,5,0.0333
688,177,265,5,0.0333
689,199,266,5,0.0333
690,115,161,5,0.0333
691,99,189,5,0.0333
692,120,227,5,0.0333
693,99,298,5,0.0333
694,35,225,5,0.0333
695,143,177,5,0.0333
696,130,134,5,0.0333
697,70,89,5,0.0333
698,143,156,5,0.0333
699,120,210,5,0.0333
700,115,183,5,0.0333
701,10,134,5,0.0333
702,130,293,5,0.0333
703,282,290,5,0.0333
704,115,237,5,0.0333
705,115,281,5,0.0333
706,36,232,5,0.0333
707,132,134,5,0.0333
708,115,150,5,0.0333
709,134,253,5,0.0333
710,134,264,5,0.0333
711,185,202,5,0.0333
712,36,202,5,0.0333
713,69,83,5,0.0333
714,185,243,5,0.0333
715,134,210,5,0.0333
716,207,269,5,0.0333
717,71,258,5,0.0333
718,70,189,5,0.0333
719,115,212,5,0.0333
720,121,268,5,0.0333
721,36,146,5,0.0333
722,11,89,5,0.0333
723,70,134,5,0.0333
724,220,238,5,0.0333
725,220,290,5,0.0333
726,211,224,5,0.0333
727,134,193,5,0.0333
728,55,202,5,0.0333
729,170,264,5,0.0333
730,70,281,5,0.0333
731,97,225,5,0.0333
732,118,282,5,0.0333
733,182,298,5,0.0333
734,122,201,5,0.0333
735,211,240,5,0.0333
736,128,269,5,0.0333
737,64,231,5,0.0333
738,259,287,5,0.0333
739,115,285,5,0.0333
740,97,259,5,0.0333
741,128,290,5,0.0333
742,115,287,5,0.0333
743,28,105,5,0.0333
744,243,271,5,0.0333
745,19,222,5,0.0333
746,171,298,5,0.0333
747,19,36,5,0.0333
748,134,289,5,0.0333
749,243,298,5,0.0333
750,7,105,5,0.0333
751,7,269,5,0.0333
752,77,199,5,0.0333
753,77,143,5,0.0333
754,34,154,5,0.0333
755,34,298,5,0.0333
756,140,239,5,0.0333
757,36,137,5,0.0333
758,77,254,5,0.0333
759,81,298,5,0.0333
760,172,183,5,0.0333
761,8,254,5,0.0333
762,34,72,5,0.0333
763,19,261,5,0.0333
764,105,227,5,0.0333
765,64,256,5,0.0333
766,47,202,5,0.0333
767,196,199,5,0.0333
768,118,154,5,0.0333
769,290,293,5,0.0333
770,172,269,5,0.0333
771,100,233,5,0.0333
772,218,281,5,0.0333
773,218,225,5,0.0333
774,121,122,5,0.0333
775,265,266,5,0.0333
776,121,255,5,0.0333
777,202,277,5,0.0333
778,202,259,5,0.0333
779,47,55,5,0.0333
780,109,143,5,0.0333
781,100,196,5,0.0333
782,121,201,5,0.0333
783,204,232,5,0.0333
784,109,289,5,0.0333
785,121,275,5,0.0333
786,189,290,5,0.0333
787,131,298,5,0.0333
788,118,177,5,0.0333
789,80,203,5,0.0333
790,116,134,5,0.0333
791,118,120,5,0.0333
792,53,269,5,0.0333
793,64,269,5,0.0333
794,219,272,5,0.0333
795,100,265,5,0.0333
796,80,240,5,0.0333
797,109,240,5,0.0333
798,104,120,5,0.0333
799,200,269,5,0.0333
800,78,239,5,0.0333
801,138,269,5,0.0333
802,51,118,5,0.0333
803,131,243,5,0.0333
804,104,105,5,0.0333
805,8,204,5,0.0333
806,41,121,5,0.0333
807,121,151,5,0.0333
808,116,144,5,0.0333
809,109,120,5,0.0333
810,131,134,5,0.0333
811,26,89,5,0.0333
812,78,203,5,0.0333
813,55,263,5,0.0333
814,116,225,5,0.0333
815,89,100,5,0.0333
816,109,180,5,0.0333
817,78,170,5,0.0333
818,72,90,5,0.0333
819,72,174,5,0.0333
820,6,134,5,0.0333
821,202,204,5,0.0333
822,78,125,5,0.0333
823,89,118,5,0.0333
824,89,115,5,0.0333
825,72,120,5,0.0333
826,72,189,5,0.0333
827,46,170,5,0.0333
828,141,298,5,0.0333
829,232,243,5,0.0333
830,121,271,5,0.0333
831,231,267,5,0.0333
832,64,134,5,0.0333
833,168,269,5,0.0333
834,100,243,5,0.0333
835,100,240,5,0.0333
836,100,275,5,0.0333
837,187,269,5,0.0333
838,100,211,5,0.0333
839,224,269,5,0.0333
840,89,225,4,0.0267
841,24,252,4,0.0267
842,225,285,4,0.0267
843,224,233,4,0.0267
844,78,134,4,0.0267
845,102,121,4,0.0267
846,72,166,4,0.0267
847,78,100,4,0.0267
848,27,115,4,0.0267
849,72,201,4,0.0267
850,232,277,4,0.0267
851,224,275,4,0.0267
852,187,189,4,0.0267
853,72,162,4,0.0267
854,78,121,4,0.0267
855,78,282,4,0.0267
856,89,185,4,0.0267
857,89,227,4,0.0267
858,144,274,4,0.0267
859,109,227,4,0.0267
860,232,298,4,0.0267
861,26,220,4,0.0267
862,100,184,4,0.0267
863,270,290,4,0.0267
864,72,182,4,0.0267
865,26,201,4,0.0267
866,27,243,4,0.0267
867,109,114,4,0.0267
868,258,287,4,0.0267
869,121,279,4,0.0267
870,72,116,4,0.0267
871,27,298,4,0.0267
872,104,220,4,0.0267
873,141,287,4,0.0267
874,231,268,4,0.0267
875,109,266,4,0.0267
876,231,256,4,0.0267
877,72,205,4,0.0267
878,72,277,4,0.0267
879,213,269,4,0.0267
880,109,264,4,0.0267
881,78,265,4,0.0267
882,109,231,4,0.0267
883,141,297,4,0.0267
884,141,258,4,0.0267
885,109,277,4,0.0267
886,104,134,4,0.0267
887,263,269,4,0.0267
888,26,222,4,0.0267
889,121,265,4,0.0267
890,227,298,4,0.0267
891,12,115,4,0.0267
892,72,74,4,0.0267
893,109,265,4,0.0267
894,72,253,4,0.0267
895,26,260,4,0.0267
896,26,51,4,0.0267
897,109,270,4,0.0267
898,72,297,4,0.0267
899,100,239,4,0.0267
900,187,298,4,0.0267
901,121,221,4,0.0267
902,109,212,4,0.0267
903,41,290,4,0.0267
904,240,282,4,0.0267
905,26,258,4,0.0267
906,36,76,4,0.0267
907,26,189,4,0.0267
908,53,55,4,0.0267
909,100,114,4,0.0267
910,46,252,4,0.0267
911,100,266,4,0.0267
912,36,100,4,0.0267
913,12,298,4,0.0267
914,8,143,4,0.0267
915,146,243,4,0.0267
916,100,140,4,0.0267
917,109,207,4,0.0267
918,109,133,4,0.0267
919,219,278,4,0.0267
920,47,134,4,0.0267
921,105,120,4,0.0267
922,89,276,4,0.0267
923,26,178,4,0.0267
924,265,277,4,0.0267
925,121,240,4,0.0267
926,26,35,4,0.0267
927,265,269,4,0.0267
928,265,275,4,0.0267
929,171,269,4,0.0267
930,202,220,4,0.0267
931,28,277,4,0.0267
932,26,181,4,0.0267
933,150,269,4,0.0267
934,162,269,4,0.0267
935,218,274,4,0.0267
936,36,74,4,0.0267
937,28,35,4,0.0267
938,35,238,4,0.0267
939,26,243,4,0.0267
940,149,202,4,0.0267
941,121,292,4,0.0267
942,47,118,4,0.0267
943,172,258,4,0.0267
944,204,298,4,0.0267
945,51,189,4,0.0267
946,19,243,4,0.0267
947,172,251,4,0.0267
948,47,49,4,0.0267
949,172,217,4,0.0267
950,36,116,4,0.0267
951,277,285,4,0.0267
952,277,282,4,0.0267
953,121,224,4,0.0267
954,19,293,4,0.0267
955,26,75,4,0.0267
956,26,120,4,0.0267
957,140,240,4,0.0267
958,19,238,4,0.0267
959,117,134,4,0.0267
960,25,42,4,0.0267
961,134,196,4,0.0267
962,19,204,4,0.0267
963,63,298,4,0.0267
964,51,272,4,0.0267
965,134,246,4,0.0267
966,34,134,4,0.0267
967,77,93,4,0.0267
968,77,118,4,0.0267
969,19,232,4,0.0267
970,7,121,4,0.0267
971,26,28,4,0.0267
972,262,269,4,0.0267
973,7,122,4,0.0267
974,19,143,4,0.0267
975,36,218,4,0.0267
976,46,265,4,0.0267
977,34,243,4,0.0267
978,243,254,4,0.0267
979,143,162,4,0.0267
980,36,104,4,0.0267
981,36,109,4,0.0267
982,134,238,4,0.0267
983,115,227,4,0.0267
984,105,246,4,0.0267
985,223,239,4,0.0267
986,97,258,4,0.0267
987,201,202,4,0.0267
988,36,199,4,0.0267
989,134,226,4,0.0267
990,36,172,4,0.0267
991,182,243,4,0.0267
992,77,108,4,0.0267
993,34,269,4,0.0267
994,122,269,4,0.0267
995,121,291,4,0.0267
996,259,274,4,0.0267
997,211,269,4,0.0267
998,118,277,4,0.0267
999,259,297,4,0.0267
1000,128,143,4,0.0267
1001,120,282,4,0.0267
1002,256,267,4,0.0267
1003,128,277,4,0.0267
1004,259,281,4,0.0267
1005,36,67,4,0.0267
1006,259,265,4,0.0267
1007,28,104,4,0.0267
1008,134,161,4,0.0267
1009,71,115,4,0.0267
1010,64,261,4,0.0267
1011,203,264,4,0.0267
1012,259,277,4,0.0267
1013,291,298,4,0.0267
1014,24,218,4,0.0267
1015,36,51,4,0.0267
1016,97,121,4,0.0267
1017,87,121,4,0.0267
1018,115,289,4,0.0267
1019,55,78,4,0.0267
1020,111,269,4,0.0267
1021,115,137,4,0.0267
1022,145,203,4,0.0267
1023,55,258,4,0.0267
1024,58,75,4,0.0267
1025,134,272,4,0.0267
1026,28,118,4,0.0267
1027,3,269,4,0.0267
1028,220,246,4,0.0267
1029,115,174,4,0.0267
1030,134,237,4,0.0267
1031,51,258,4,0.0267
1032,115,274,4,0.0267
1033,36,178,4,0.0267
1034,71,75,4,0.0267
1035,145,265,4,0.0267
1036,36,194,4,0.0267
1037,86,276,4,0.0267
1038,55,189,4,0.0267
1039,143,271,4,0.0267
1040,36,185,4,0.0267
1041,71,281,4,0.0267
1042,17,71,4,0.0267
1043,115,297,4,0.0267
1044,185,259,4,0.0267
1045,118,131,4,0.0267
1046,71,144,4,0.0267
1047,134,233,4,0.0267
1048,134,219,4,0.0267
1049,108,204,4,0.0267
1050,36,105,4,0.0267
1051,155,290,4,0.0267
1052,115,293,4,0.0267
1053,143,226,4,0.0267
1054,71,89,4,0.0267
1055,70,243,4,0.0267
1056,134,207,4,0.0267
1057,143,204,4,0.0267
1058,134,274,4,0.0267
1059,69,223,4,0.0267
1060,120,141,4,0.0267
1061,108,115,4,0.0267
1062,35,290,4,0.0267
1063,67,71,4,0.0267
1064,108,185,4,0.0267
1065,70,210,4,0.0267
1066,83,223,4,0.0267
1067,134,268,4,0.0267
1068,134,222,4,0.0267
1069,108,243,4,0.0267
1070,120,151,4,0.0267
1071,52,143,4,0.0267
1072,120,174,4,0.0267
1073,115,296,4,0.0267
1074,271,298,4,0.0267
1075,134,224,4,0.0267
1076,70,78,4,0.0267
1077,134,221,4,0.0267
1078,11,227,4,0.0267
1079,67,243,4,0.0267
1080,269,291,4,0.0267
1081,71,298,4,0.0267
1082,156,269,4,0.0267
1083,67,261,4,0.0267
1084,264,282,4,0.0267
1085,130,261,4,0.0267
1086,161,290,4,0.0267
1087,10,240,4,0.0267
1088,269,279,4,0.0267
1089,99,259,4,0.0267
1090,159,269,4,0.0267
1091,52,183,4,0.0267
1092,74,243,4,0.0267
1093,143,282,4,0.0267
1094,84,134,4,0.0267
1095,74,202,4,0.0267
1096,269,296,4,0.0267
1097,74,277,4,0.0267
1098,221,269,4,0.0267
1099,35,36,4,0.0267
1100,67,218,4,0.0267
1101,253,269,4,0.0267
1102,177,259,4,0.0267
1103,11,258,4,0.0267
1104,75,252,4,0.0267
1105,177,203,4,0.0267
1106,121,207,4,0.0267
1107,67,89,4,0.0267
1108,272,278,4,0.0267
1109,36,144,4,0.0267
1110,17,281,4,0.0267
1111,189,227,4,0.0267
1112,11,134,4,0.0267
1113,177,275,4,0.0267
1114,121,194,4,0.0267
1115,75,118,4,0.0267
1116,199,275,4,0.0267
1117,115,222,4,0.0267
1118,17,258,4,0.0267
1119,151,220,4,0.0267
1120,118,222,4,0.0267
1121,173,218,4,0.0267
1122,17,36,4,0.0267
1123,173,298,4,0.0267
1124,252,274,4,0.0267
1125,252,259,4,0.0267
1126,114,240,4,0.0267
1127,114,266,4,0.0267
1128,143,172,4,0.0267
1129,137,138,4,0.0267
1130,121,187,4,0.0267
1131,15,114,4,0.0267
1132,16,269,4,0.0267
1133,76,115,4,0.0267
1134,17,259,4,0.0267
1135,35,212,4,0.0267
1136,90,118,4,0.0267
1137,50,134,4,0.0267
1138,143,257,4,0.0267
1139,46,266,4,0.0267
1140,183,277,4,0.0267
1141,65,231,4,0.0267
1142,114,202,4,0.0267
1143,55,298,4,0.0267
1144,46,199,4,0.0267
1145,17,159,4,0.0267
1146,50,121,4,0.0267
1147,120,143,4,0.0267
1148,22,202,4,0.0267
1149,174,212,4,0.0267
1150,118,185,4,0.0267
1151,50,230,4,0.0267
1152,183,259,4,0.0267
1153,183,258,4,0.0267
1154,79,220,4,0.0267
1155,22,243,4,0.0267
1156,76,144,4,0.0267
1157,178,218,4,0.0267
1158,22,220,4,0.0267
1159,121,150,4,0.0267
1160,180,290,4,0.0267
1161,210,222,4,0.0267
1162,210,220,4,0.0267
1163,189,259,4,0.0267
1164,189,224,4,0.0267
1165,210,212,4,0.0267
1166,120,189,4,0.0267
1167,124,269,4,0.0267
1168,91,143,4,0.0267
1169,118,156,4,0.0267
1170,178,290,4,0.0267
1171,188,203,4,0.0267
1172,124,134,4,0.0267
1173,35,130,4,0.0267
1174,79,290,4,0.0267
1175,118,250,4,0.0267
1176,42,199,4,0.0267
1177,121,158,4,0.0267
1178,125,177,4,0.0267
1179,51,121,4,0.0267
1180,79,134,4,0.0267
1181,125,227,4,0.0267
1182,189,274,4,0.0267
1183,189,240,4,0.0267
1184,137,181,4,0.0267
1185,137,281,4,0.0267
1186,88,269,3,0.0200
1187,42,55,3,0.0200
1188,183,218,3,0.0200
1189,125,185,3,0.0200
1190,237,269,3,0.0200
1191,235,269,3,0.0200
1192,57,257,3,0.0200
1193,42,189,3,0.0200
1194,266,298,3,0.0200
1195,57,143,3,0.0200
1196,57,259,3,0.0200
1197,115,261,3,0.0200
1198,188,282,3,0.0200
1199,217,251,3,0.0200
1200,210,277,3,0.0200
1201,126,298,3,0.0200
1202,174,204,3,0.0200
1203,174,232,3,0.0200
1204,22,259,3,0.0200
1205,174,202,3,0.0200
1206,174,277,3,0.0200
1207,50,64,3,0.0200
1208,22,120,3,0.0200
1209,22,89,3,0.0200
1210,183,272,3,0.0200
1211,76,224,3,0.0200
1212,183,281,3,0.0200
1213,157,274,3,0.0200
1214,22,67,3,0.0200
1215,76,140,3,0.0200
1216,157,189,3,0.0200
1217,157,298,3,0.0200
1218,22,77,3,0.0200
1219,22,70,3,0.0200
1220,76,282,3,0.0200
1221,22,293,3,0.0200
1222,115,265,3,0.0200
1223,115,141,3,0.0200
1224,22,26,3,0.0200
1225,11,298,3,0.0200
1226,50,125,3,0.0200
1227,22,36,3,0.0200
1228,114,185,3,0.0200
1229,22,149,3,0.0200
1230,16,268,3,0.0200
1231,16,121,3,0.0200
1232,199,202,3,0.0200
1233,114,170,3,0.0200
1234,44,121,3,0.0200
1235,173,269,3,0.0200
1236,173,217,3,0.0200
1237,199,274,3,0.0200
1238,199,264,3,0.0200
1239,199,286,3,0.0200
1240,173,251,3,0.0200
1241,184,259,3,0.0200
1242,114,125,3,0.0200
1243,107,109,3,0.0200
1244,107,202,3,0.0200
1245,199,265,3,0.0200
1246,115,181,3,0.0200
1247,107,269,3,0.0200
1248,177,266,3,0.0200
1249,115,163,3,0.0200
1250,114,269,3,0.0200
1251,177,220,3,0.0200
1252,114,265,3,0.0200
1253,177,210,3,0.0200
1254,67,72,3,0.0200
1255,114,199,3,0.0200
1256,67,222,3,0.0200
1257,114,239,3,0.0200
1258,157,199,3,0.0200
1259,199,213,3,0.0200
1260,115,201,3,0.0200
1261,177,274,3,0.0200
1262,115,206,3,0.0200
1263,74,298,3,0.0200
1264,74,143,3,0.0200
1265,67,232,3,0.0200
1266,130,222,3,0.0200
1267,67,220,3,0.0200
1268,67,143,3,0.0200
1269,67,70,3,0.0200
1270,74,204,3,0.0200
1271,130,238,3,0.0200
1272,156,285,3,0.0200
1273,130,220,3,0.0200
1274,130,189,3,0.0200
1275,11,78,3,0.0200
1276,130,290,3,0.0200
1277,134,178,3,0.0200
1278,186,298,3,0.0200
1279,11,137,3,0.0200
1280,74,109,3,0.0200
1281,11,143,3,0.0200
1282,108,289,3,0.0200
1283,108,254,3,0.0200
1284,108,120,3,0.0200
1285,115,177,3,0.0200
1286,134,195,3,0.0200
1287,49,77,3,0.0200
1288,108,196,3,0.0200
1289,67,258,3,0.0200
1290,49,120,3,0.0200
1291,11,109,3,0.0200
1292,67,86,3,0.0200
1293,67,183,3,0.0200
1294,49,118,3,0.0200
1295,156,174,3,0.0200
1296,49,202,3,0.0200
1297,11,76,3,0.0200
1298,69,224,3,0.0200
1299,49,210,3,0.0200
1300,49,109,3,0.0200
1301,49,55,3,0.0200
1302,108,119,3,0.0200
1303,155,298,3,0.0200
1304,11,276,3,0.0200
1305,69,199,3,0.0200
1306,156,282,3,0.0200
1307,145,282,3,0.0200
1308,155,243,3,0.0200
1309,145,188,3,0.0200
1310,108,231,3,0.0200
1311,155,277,3,0.0200
1312,220,293,3,0.0200
1313,155,285,3,0.0200
1314,108,253,3,0.0200
1315,115,271,3,0.0200
1316,108,205,3,0.0200
1317,220,261,3,0.0200
1318,238,275,3,0.0200
1319,134,140,3,0.0200
1320,11,71,3,0.0200
1321,11,225,3,0.0200
1322,238,277,3,0.0200
1323,11,77,3,0.0200
1324,251,258,3,0.0200
1325,251,298,3,0.0200
1326,251,252,3,0.0200
1327,170,189,3,0.0200
1328,127,203,3,0.0200
1329,247,269,3,0.0200
1330,170,218,3,0.0200
1331,115,291,3,0.0200
1332,111,159,3,0.0200
1333,170,269,3,0.0200
1334,145,227,3,0.0200
1335,211,239,3,0.0200
1336,115,218,3,0.0200
1337,122,134,3,0.0200
1338,216,290,3,0.0200
1339,259,264,3,0.0200
1340,182,214,3,0.0200
1341,259,290,3,0.0200
1342,182,258,3,0.0200
1343,87,120,3,0.0200
1344,259,266,3,0.0200
1345,28,222,3,0.0200
1346,134,270,3,0.0200
1347,19,133,3,0.0200
1348,134,280,3,0.0200
1349,77,189,3,0.0200
1350,34,121,3,0.0200
1351,77,139,3,0.0200
1352,182,257,3,0.0200
1353,19,141,3,0.0200
1354,77,180,3,0.0200
1355,201,254,3,0.0200
1356,19,22,3,0.0200
1357,243,246,3,0.0200
1358,134,218,3,0.0200
1359,134,148,3,0.0200
1360,7,189,3,0.0200
1361,243,293,3,0.0200
1362,134,139,3,0.0200
1363,34,143,3,0.0200
1364,243,274,3,0.0200
1365,134,211,3,0.0200
1366,19,275,3,0.0200
1367,19,189,3,0.0200
1368,134,205,3,0.0200
1369,243,259,3,0.0200
1370,134,209,3,0.0200
1371,63,259,3,0.0200
1372,63,134,3,0.0200
1373,134,145,3,0.0200
1374,19,210,3,0.0200
1375,28,108,3,0.0200
1376,28,232,3,0.0200
1377,25,121,3,0.0200
1378,134,194,3,0.0200
1379,25,269,3,0.0200
1380,19,72,3,0.0200
1381,115,130,3,0.0200
1382,19,227,3,0.0200
1383,63,149,3,0.0200
1384,19,156,3,0.0200
1385,172,252,3,0.0200
1386,19,67,3,0.0200
1387,47,199,3,0.0200
1388,47,210,3,0.0200
1389,19,199,3,0.0200
1390,172,281,3,0.0200
1391,47,282,3,0.0200
1392,100,254,3,0.0200
1393,63,269,3,0.0200
1394,82,134,3,0.0200
1395,219,258,3,0.0200
1396,169,199,3,0.0200
1397,146,225,3,0.0200
1398,47,250,3,0.0200
1399,146,259,3,0.0200
1400,47,227,3,0.0200
1401,109,119,3,0.0200
1402,219,236,3,0.0200
1403,47,120,3,0.0200
1404,202,282,3,0.0200
1405,109,152,3,0.0200
1406,109,256,3,0.0200
1407,109,125,3,0.0200
1408,89,152,3,0.0200
1409,227,259,3,0.0200
1410,100,291,3,0.0200
1411,89,203,3,0.0200
1412,109,220,3,0.0200
1413,227,275,3,0.0200
1414,109,178,3,0.0200
1415,131,144,3,0.0200
1416,131,204,3,0.0200
1417,200,256,3,0.0200
1418,131,162,3,0.0200
1419,227,277,3,0.0200
1420,202,254,3,0.0200
1421,142,189,3,0.0200
1422,109,276,3,0.0200
1423,227,284,3,0.0200
1424,215,272,3,0.0200
1425,215,258,3,0.0200
1426,89,282,3,0.0200
1427,202,270,3,0.0200
1428,109,252,3,0.0200
1429,89,218,3,0.0200
1430,100,287,3,0.0200
1431,72,208,3,0.0200
1432,109,274,3,0.0200
1433,12,26,3,0.0200
1434,100,116,3,0.0200
1435,100,219,3,0.0200
1436,109,131,3,0.0200
1437,213,233,3,0.0200
1438,89,259,3,0.0200
1439,213,258,3,0.0200
1440,2,105,3,0.0200
1441,109,201,3,0.0200
1442,27,218,3,0.0200
1443,168,258,3,0.0200
1444,72,212,3,0.0200
1445,27,143,3,0.0200
1446,281,298,3,0.0200
1447,89,199,3,0.0200
1448,27,225,3,0.0200
1449,92,143,3,0.0200
1450,92,121,3,0.0200
1451,89,254,3,0.0200
1452,89,222,3,0.0200
1453,236,298,3,0.0200
1454,225,243,3,0.0200
1455,72,97,3,0.0200
1456,141,290,3,0.0200
1457,72,220,3,0.0200
1458,224,265,3,0.0200
1459,27,178,3,0.0200
1460,72,128,3,0.0200
1461,72,227,3,0.0200
1462,144,222,3,0.0200
1463,85,269,3,0.0200
1464,27,258,3,0.0200
1465,144,260,3,0.0200
1466,54,90,3,0.0200
1467,54,174,3,0.0200
1468,27,259,3,0.0200
1469,54,134,3,0.0200
1470,26,76,3,0.0200
1471,88,89,3,0.0200
1472,6,104,3,0.0200
1473,6,189,3,0.0200
1474,6,105,3,0.0200
1475,6,293,3,0.0200
1476,6,227,3,0.0200
1477,78,114,3,0.0200
1478,6,269,3,0.0200
1479,6,218,3,0.0200
1480,26,116,3,0.0200
1481,72,202,3,0.0200
1482,116,258,3,0.0200
1483,72,141,3,0.0200
1484,72,289,3,0.0200
1485,26,182,3,0.0200
1486,8,227,3,0.0200
1487,26,290,3,0.0200
1488,41,269,3,0.0200
1489,27,297,3,0.0200
1490,26,183,3,0.0200
1491,72,258,3,0.0200
1492,26,232,3,0.0200
1493,80,170,3,0.0200
1494,116,297,3,0.0200
1495,138,181,3,0.0200
1496,80,265,3,0.0200
1497,80,199,3,0.0200
1498,26,210,3,0.0200
1499,116,289,3,0.0200
1500,36,220,3,0.0200
1501,101,125,3,0.0200
1502,101,265,3,0.0200
1503,101,203,3,0.0200
1504,35,64,3,0.0200
1505,116,243,3,0.0200
1506,26,202,3,0.0200
1507,194,269,3,0.0200
1508,53,85,3,0.0200
1509,36,97,3,0.0200
1510,61,298,3,0.0200
1511,20,121,3,0.0200
1512,26,219,3,0.0200
1513,290,298,3,0.0200
1514,112,121,3,0.0200
1515,36,47,3,0.0200
1516,35,118,3,0.0200
1517,36,66,3,0.0200
1518,8,270,3,0.0200
1519,121,285,3,0.0200
1520,105,220,3,0.0200
1521,196,282,3,0.0200
1522,196,240,3,0.0200
1523,121,124,3,0.0200
1524,140,223,3,0.0200
1525,35,293,3,0.0200
1526,140,224,3,0.0200
1527,140,233,3,0.0200
1528,105,199,3,0.0200
1529,36,254,3,0.0200
1530,105,255,3,0.0200
1531,97,219,3,0.0200
1532,97,143,3,0.0200
1533,40,269,3,0.0200
1534,36,210,3,0.0200
1535,36,71,3,0.0200
1536,35,116,3,0.0200
1537,8,205,3,0.0200
1538,97,218,3,0.0200
1539,260,269,3,0.0200
1540,97,109,3,0.0200
1541,120,275,3,0.0200
1542,59,71,3,0.0200
1543,97,116,3,0.0200
1544,97,297,3,0.0200
1545,143,144,3,0.0200
1546,36,77,3,0.0200
1547,97,158,3,0.0200
1548,120,246,3,0.0200
1549,36,128,3,0.0200
1550,143,278,3,0.0200
1551,143,193,3,0.0200
1552,97,189,3,0.0200
1553,97,118,3,0.0200
1554,36,261,3,0.0200
1555,58,269,3,0.0200
1556,36,89,3,0.0200
1557,143,291,3,0.0200
1558,58,258,3,0.0200
1559,97,290,3,0.0200
1560,97,115,3,0.0200
1561,143,213,3,0.0200
1562,203,275,3,0.0200
1563,36,250,3,0.0200
1564,120,238,3,0.0200
1565,203,262,3,0.0200
1566,185,270,3,0.0200
1567,207,225,3,0.0200
1568,207,232,3,0.0200
1569,121,297,3,0.0200
1570,36,183,3,0.0200
1571,36,258,3,0.0200
1572,255,269,3,0.0200
1573,120,222,3,0.0200
1574,185,204,3,0.0200
1575,185,189,3,0.0200
1576,148,269,3,0.0200
1577,269,275,3,0.0200
1578,143,285,3,0.0200
1579,143,196,3,0.0200
1580,203,227,3,0.0200
1581,203,269,3,0.0200
1582,269,289,3,0.0200
1583,143,253,3,0.0200
1584,269,272,3,0.0200
1585,35,102,3,0.0200
1586,17,121,3,0.0200
1587,17,70,3,0.0200
1588,143,199,3,0.0200
1589,120,232,3,0.0200
1590,269,286,3,0.0200
1591,143,289,3,0.0200
1592,221,298,3,0.0200
1593,143,254,3,0.0200
1594,36,255,3,0.0200
1595,75,115,3,0.0200
1596,103,121,3,0.0200
1597,103,220,3,0.0200
1598,75,281,3,0.0200
1599,35,207,3,0.0200
1600,246,293,3,0.0200
1601,143,174,3,0.0200
1602,246,290,3,0.0200
1603,120,259,3,0.0200
1604,17,232,3,0.0200
1605,36,75,3,0.0200
1606,195,269,3,0.0200
1607,143,214,3,0.0200
1608,36,131,3,0.0200
1609,43,199,3,0.0200
1610,143,232,3,0.0200
1611,66,227,3,0.0200
1612,252,281,3,0.0200
1613,17,75,3,0.0200
1614,17,67,3,0.0200
1615,45,183,3,0.0200
1616,285,290,3,0.0200
1617,36,138,3,0.0200
1618,36,222,3,0.0200
1619,35,183,3,0.0200
1620,66,121,3,0.0200
1621,65,109,3,0.0200
1622,118,163,3,0.0200
1623,143,155,3,0.0200
1624,118,246,3,0.0200
1625,118,132,3,0.0200
1626,120,131,3,0.0200
1627,35,67,3,0.0200
1628,79,269,3,0.0200
1629,178,293,3,0.0200
1630,65,121,3,0.0200
1631,17,89,3,0.0200
1632,118,227,3,0.0200
1633,189,212,3,0.0200
1634,35,243,3,0.0200
1635,35,232,3,0.0200
1636,189,281,3,0.0200
1637,118,150,3,0.0200
1638,118,208,3,0.0200
1639,178,200,3,0.0200
1640,120,199,3,0.0200
1641,17,120,3,0.0200
1642,158,182,3,0.0200
1643,35,144,3,0.0200
1644,17,247,3,0.0200
1645,158,272,3,0.0200
1646,137,199,3,0.0200
1647,189,210,3,0.0200
1648,158,204,3,0.0200
1649,189,225,3,0.0200
1650,189,294,3,0.0200
1651,137,218,3,0.0200
1652,189,239,3,0.0200
1653,35,210,3,0.0200
1654,120,196,3,0.0200
1655,189,196,3,0.0200
1656,189,213,3,0.0200
1657,46,55,3,0.0200
1658,17,183,3,0.0200
1659,189,261,3,0.0200
1660,21,134,3,0.0200
1661,118,146,3,0.0200
1662,52,232,3,0.0200
1663,118,158,3,0.0200
1664,118,133,3,0.0200
1665,86,89,3,0.0200
1666,133,269,3,0.0200
1667,118,253,3,0.0200
1668,86,199,3,0.0200
1669,81,183,3,0.0200
1670,118,261,3,0.0200
1671,46,134,3,0.0200
1672,46,109,3,0.0200
1673,120,130,3,0.0200
1674,81,269,3,0.0200
1675,257,269,3,0.0200
1676,81,121,3,0.0200
1677,81,134,3,0.0200
1678,118,201,3,0.0200
1679,18,269,3,0.0200
1680,205,253,3,0.0200
1681,17,143,3,0.0200
1682,18,121,3,0.0200
1683,46,269,3,0.0200
1684,205,290,3,0.0200
1685,193,290,3,0.0200
1686,118,189,3,0.0200
1687,118,214,3,0.0200
1688,193,269,3,0.0200
1689,240,264,3,0.0200
1690,33,213,3,0.0200
1691,232,287,3,0.0200
1692,187,227,3,0.0200
1693,232,285,3,0.0200
1694,64,266,3,0.0200
1695,46,100,3,0.0200
1696,55,134,3,0.0200
1697,171,172,3,0.0200
1698,121,164,3,0.0200
1699,64,120,3,0.0200
1700,121,148,3,0.0200
1701,64,220,3,0.0200
1702,121,147,3,0.0200
1703,171,218,3,0.0200
1704,70,140,3,0.0200
1705,71,143,3,0.0200
1706,70,259,3,0.0200
1707,70,71,3,0.0200
1708,64,227,3,0.0200
1709,68,240,3,0.0200
1710,121,132,3,0.0200
1711,51,182,3,0.0200
1712,121,140,3,0.0200
1713,70,240,3,0.0200
1714,70,120,3,0.0200
1715,166,290,3,0.0200
1716,55,196,3,0.0200
1717,83,224,3,0.0200
1718,83,239,3,0.0200
1719,83,100,3,0.0200
1720,70,239,3,0.0200
1721,71,260,3,0.0200
1722,83,189,3,0.0200
1723,55,274,3,0.0200
1724,121,280,3,0.0200
1725,149,298,3,0.0200
1726,121,167,3,0.0200
1727,93,134,3,0.0200
1728,71,202,3,0.0200
1729,121,264,3,0.0200
1730,55,218,3,0.0200
1731,70,223,3,0.0200
1732,93,202,3,0.0200
1733,70,109,3,0.0200
1734,51,278,3,0.0200
1735,99,258,3,0.0200
1736,93,210,3,0.0200
1737,51,175,3,0.0200
1738,71,77,3,0.0200
1739,55,262,3,0.0200
1740,99,209,3,0.0200
1741,51,134,3,0.0200
1742,55,281,3,0.0200
1743,99,213,3,0.0200
1744,121,287,3,0.0200
1745,99,134,3,0.0200
1746,90,108,3,0.0200
1747,93,121,3,0.0200
1748,121,211,3,0.0200
1749,90,202,3,0.0200
1750,90,121,3,0.0200
1751,123,134,3,0.0200
1752,51,52,3,0.0200
1753,90,204,3,0.0200
1754,222,225,3,0.0200
1755,51,218,3,0.0200
1756,149,277,3,0.0200
1757,90,269,3,0.0200
1758,212,255,3,0.0200
1759,121,231,3,0.0200
1760,51,81,3,0.0200
1761,212,238,3,0.0200
1762,55,115,3,0.0200
1763,55,97,3,0.0200
1764,149,290,3,0.0200
1765,55,85,3,0.0200
1766,55,252,3,0.0200
1767,55,211,3,0.0200
1768,264,298,3,0.0200
1769,140,196,2,0.0133
1770,264,294,2,0.0133
1771,113,203,2,0.0133
1772,29,269,2,0.0133
1773,90,282,2,0.0133
1774,264,275,2,0.0133
1775,90,222,2,0.0133
1776,212,298,2,0.0133
1777,212,232,2,0.0133
1778,222,293,2,0.0133
1779,222,243,2,0.0133
1780,90,196,2,0.0133
1781,90,115,2,0.0133
1782,222,259,2,0.0133
1783,90,289,2,0.0133
1784,90,155,2,0.0133
1785,90,143,2,0.0133
1786,222,232,2,0.0133
1787,90,285,2,0.0133
1788,222,246,2,0.0133
1789,90,243,2,0.0133
1790,222,281,2,0.0133
1791,181,183,2,0.0133
1792,90,210,2,0.0133
1793,253,290,2,0.0133
1794,253,291,2,0.0133
1795,99,123,2,0.0133
1796,253,298,2,0.0133
1797,106,143,2,0.0133
1798,106,183,2,0.0133
1799,226,287,2,0.0133
1800,99,199,2,0.0133
1801,71,118,2,0.0133
1802,71,147,2,0.0133
1803,71,225,2,0.0133
1804,99,184,2,0.0133
1805,71,109,2,0.0133
1806,71,276,2,0.0133
1807,70,252,2,0.0133
1808,70,100,2,0.0133
1809,71,287,2,0.0133
1810,70,225,2,0.0133
1811,71,222,2,0.0133
1812,70,118,2,0.0133
1813,70,232,2,0.0133
1814,70,146,2,0.0133
1815,71,146,2,0.0133
1816,70,212,2,0.0133
1817,70,300,2,0.0133
1818,70,75,2,0.0133
1819,71,261,2,0.0133
1820,70,105,2,0.0133
1821,70,282,2,0.0133
1822,71,121,2,0.0133
1823,70,137,2,0.0133
1824,70,202,2,0.0133
1825,231,269,2,0.0133
1826,171,189,2,0.0133
1827,171,219,2,0.0133
1828,46,70,2,0.0133
1829,231,282,2,0.0133
1830,46,121,2,0.0133
1831,46,63,2,0.0133
1832,46,273,2,0.0133
1833,46,264,2,0.0133
1834,187,290,2,0.0133
1835,118,287,2,0.0133
1836,118,207,2,0.0133
1837,46,66,2,0.0133
1838,118,162,2,0.0133
1839,46,203,2,0.0133
1840,118,272,2,0.0133
1841,118,293,2,0.0133
1842,118,216,2,0.0133
1843,118,236,2,0.0133
1844,46,114,2,0.0133
1845,46,189,2,0.0133
1846,46,239,2,0.0133
1847,118,184,2,0.0133
1848,118,178,2,0.0133
1849,250,284,2,0.0133
1850,250,256,2,0.0133
1851,118,289,2,0.0133
1852,250,259,2,0.0133
1853,250,258,2,0.0133
1854,118,136,2,0.0133
1855,1,250,2,0.0133
1856,1,47,2,0.0133
1857,1,64,2,0.0133
1858,158,290,2,0.0133
1859,118,161,2,0.0133
1860,158,172,2,0.0133
1861,118,291,2,0.0133
1862,158,162,2,0.0133
1863,118,196,2,0.0133
1864,158,277,2,0.0133
1865,118,205,2,0.0133
1866,158,243,2,0.0133
1867,179,290,2,0.0133
1868,178,287,2,0.0133
1869,178,212,2,0.0133
1870,178,243,2,0.0133
1871,118,164,2,0.0133
1872,118,124,2,0.0133
1873,118,193,2,0.0133
1874,178,259,2,0.0133
1875,178,189,2,0.0133
1876,118,232,2,0.0133
1877,118,238,2,0.0133
1878,178,289,2,0.0133
1879,178,202,2,0.0133
1880,178,256,2,0.0133
1881,135,218,2,0.0133
1882,285,297,2,0.0133
1883,36,182,2,0.0133
1884,285,289,2,0.0133
1885,45,134,2,0.0133
1886,252,282,2,0.0133
1887,252,265,2,0.0133
1888,36,78,2,0.0133
1889,36,140,2,0.0133
1890,36,262,2,0.0133
1891,230,275,2,0.0133
1892,230,266,2,0.0133
1893,36,271,2,0.0133
1894,246,277,2,0.0133
1895,246,298,2,0.0133
1896,103,269,2,0.0133
1897,36,181,2,0.0133
1898,36,126,2,0.0133
1899,103,120,2,0.0133
1900,192,269,2,0.0133
1901,269,271,2,0.0133
1902,269,299,2,0.0133
1903,36,58,2,0.0133
1904,36,154,2,0.0133
1905,269,278,2,0.0133
1906,255,258,2,0.0133
1907,255,293,2,0.0133
1908,36,52,2,0.0133
1909,36,193,2,0.0133
1910,255,298,2,0.0133
1911,36,141,2,0.0133
1912,207,297,2,0.0133
1913,58,281,2,0.0133
1914,36,145,2,0.0133
1915,36,211,2,0.0133
1916,36,177,2,0.0133
1917,36,272,2,0.0133
1918,58,118,2,0.0133
1919,58,218,2,0.0133
1920,58,298,2,0.0133
1921,58,115,2,0.0133
1922,58,259,2,0.0133
1923,24,75,2,0.0133
1924,24,269,2,0.0133
1925,24,258,2,0.0133
1926,36,124,2,0.0133
1927,24,251,2,0.0133
1928,24,170,2,0.0133
1929,128,234,2,0.0133
1930,36,288,2,0.0133
1931,36,195,2,0.0133
1932,36,125,2,0.0133
1933,128,155,2,0.0133
1934,98,202,2,0.0133
1935,36,296,2,0.0133
1936,98,115,2,0.0133
1937,36,55,2,0.0133
1938,73,110,2,0.0133
1939,36,162,2,0.0133
1940,223,224,2,0.0133
1941,223,275,2,0.0133
1942,36,171,2,0.0133
1943,36,63,2,0.0133
1944,223,240,2,0.0133
1945,196,239,2,0.0133
1946,196,259,2,0.0133
1947,196,286,2,0.0133
1948,36,130,2,0.0133
1949,36,237,2,0.0133
1950,196,224,2,0.0133
1951,196,277,2,0.0133
1952,196,211,2,0.0133
1953,112,178,2,0.0133
1954,112,122,2,0.0133
1955,112,185,2,0.0133
1956,112,227,2,0.0133
1957,112,134,2,0.0133
1958,204,275,2,0.0133
1959,204,207,2,0.0133
1960,36,275,2,0.0133
1961,204,212,2,0.0133
1962,36,38,2,0.0133
1963,204,227,2,0.0133
1964,36,157,2,0.0133
1965,204,225,2,0.0133
1966,101,170,2,0.0133
1967,36,293,2,0.0133
1968,36,62,2,0.0133
1969,72,169,2,0.0133
1970,41,212,2,0.0133
1971,41,202,2,0.0133
1972,72,184,2,0.0133
1973,72,196,2,0.0133
1974,72,190,2,0.0133
1975,41,293,2,0.0133
1976,41,246,2,0.0133
1977,72,231,2,0.0133
1978,100,105,2,0.0133
1979,72,221,2,0.0133
1980,72,185,2,0.0133
1981,100,183,2,0.0133
1982,72,126,2,0.0133
1983,72,163,2,0.0133
1984,72,207,2,0.0133
1985,72,114,2,0.0133
1986,72,177,2,0.0133
1987,72,183,2,0.0133
1988,72,194,2,0.0133
1989,72,140,2,0.0133
1990,72,157,2,0.0133
1991,72,89,2,0.0133
1992,100,144,2,0.0133
1993,72,187,2,0.0133
1994,100,264,2,0.0133
1995,100,277,2,0.0133
1996,100,267,2,0.0133
1997,100,297,2,0.0133
1998,72,252,2,0.0133
1999,72,213,2,0.0133
2000,100,177,2,0.0133
2001,72,278,2,0.0133
2002,72,266,2,0.0133
2003,72,265,2,0.0133
2004,72,264,2,0.0133
2005,100,203,2,0.0133
2006,100,139,2,0.0133
2007,215,298,2,0.0133
2008,131,290,2,0.0133
2009,100,187,2,0.0133
2010,100,226,2,0.0133
2011,100,225,2,0.0133
2012,100,174,2,0.0133
2013,100,141,2,0.0133
2014,131,212,2,0.0133
2015,131,174,2,0.0133
2016,100,165,2,0.0133
2017,131,158,2,0.0133
2018,100,155,2,0.0133
2019,47,218,2,0.0133
2020,100,171,2,0.0133
2021,47,93,2,0.0133
2022,100,108,2,0.0133
2023,47,88,2,0.0133
2024,47,77,2,0.0133
2025,100,253,2,0.0133
2026,100,157,2,0.0133
2027,47,211,2,0.0133
2028,47,281,2,0.0133
2029,47,231,2,0.0133
2030,100,274,2,0.0133
2031,47,76,2,0.0133
2032,47,222,2,0.0133
2033,47,177,2,0.0133
2034,100,270,2,0.0133
2035,100,258,2,0.0133
2036,47,109,2,0.0133
2037,100,193,2,0.0133
2038,100,207,2,0.0133
2039,47,185,2,0.0133
2040,134,231,2,0.0133
2041,134,206,2,0.0133
2042,134,239,2,0.0133
2043,134,157,2,0.0133
2044,134,163,2,0.0133
2045,34,118,2,0.0133
2046,34,162,2,0.0133
2047,134,169,2,0.0133
2048,134,167,2,0.0133
2049,34,161,2,0.0133
2050,122,281,2,0.0133
2051,134,235,2,0.0133
2052,134,278,2,0.0133
2053,134,152,2,0.0133
2054,145,266,2,0.0133
2055,145,288,2,0.0133
2056,134,279,2,0.0133
2057,134,236,2,0.0133
2058,69,202,2,0.0133
2059,134,288,2,0.0133
2060,69,239,2,0.0133
2061,134,225,2,0.0133
2062,134,252,2,0.0133
2063,69,275,2,0.0133
2064,276,290,2,0.0133
2065,229,265,2,0.0133
2066,67,97,2,0.0133
2067,134,162,2,0.0133
2068,67,225,2,0.0133
2069,134,245,2,0.0133
2070,67,182,2,0.0133
2071,134,208,2,0.0133
2072,134,151,2,0.0133
2073,134,165,2,0.0133
2074,161,269,2,0.0133
2075,67,138,2,0.0133
2076,161,298,2,0.0133
2077,161,178,2,0.0133
2078,67,181,2,0.0133
2079,67,118,2,0.0133
2080,67,116,2,0.0133
2081,67,202,2,0.0133
2082,67,108,2,0.0133
2083,159,247,2,0.0133
2084,159,183,2,0.0133
2085,67,130,2,0.0133
2086,199,262,2,0.0133
2087,199,203,2,0.0133
2088,67,298,2,0.0133
2089,67,134,2,0.0133
2090,199,255,2,0.0133
2091,199,243,2,0.0133
2092,67,137,2,0.0133
2093,268,269,2,0.0133
2094,268,290,2,0.0133
2095,199,290,2,0.0133
2096,199,229,2,0.0133
2097,272,277,2,0.0133
2098,199,287,2,0.0133
2099,184,298,2,0.0133
2100,199,245,2,0.0133
2101,44,89,2,0.0133
2102,199,267,2,0.0133
2103,44,55,2,0.0133
2104,16,115,2,0.0133
2105,16,231,2,0.0133
2106,16,186,2,0.0133
2107,16,150,2,0.0133
2108,16,228,2,0.0133
2109,16,298,2,0.0133
2110,16,114,2,0.0133
2111,16,64,2,0.0133
2112,199,276,2,0.0133
2113,16,110,2,0.0133
2114,199,297,2,0.0133
2115,16,267,2,0.0133
2116,50,109,2,0.0133
2117,16,144,2,0.0133
2118,16,218,2,0.0133
2119,5,65,2,0.0133
2120,5,97,2,0.0133
2121,5,134,2,0.0133
2122,5,269,2,0.0133
2123,5,200,2,0.0133
2124,5,121,2,0.0133
2125,5,55,2,0.0133
2126,5,268,2,0.0133
2127,5,231,2,0.0133
2128,5,16,2,0.0133
2129,76,120,2,0.0133
2130,76,293,2,0.0133
2131,76,243,2,0.0133
2132,76,131,2,0.0133
2133,76,225,2,0.0133
2134,76,157,2,0.0133
2135,50,259,2,0.0133
2136,76,255,2,0.0133
2137,50,294,2,0.0133
2138,50,80,2,0.0133
2139,50,115,2,0.0133
2140,50,142,2,0.0133
2141,50,72,2,0.0133
2142,50,199,2,0.0133
2143,50,100,2,0.0133
2144,76,274,2,0.0133
2145,76,227,2,0.0133
2146,50,78,2,0.0133
2147,50,298,2,0.0133
2148,50,240,2,0.0133
2149,76,241,2,0.0133
2150,76,105,2,0.0133
2151,76,239,2,0.0133
2152,76,242,2,0.0133
2153,50,228,2,0.0133
2154,50,275,2,0.0133
2155,126,264,2,0.0133
2156,126,218,2,0.0133
2157,126,143,2,0.0133
2158,91,202,2,0.0133
2159,91,134,2,0.0133
2160,91,259,2,0.0133
2161,91,258,2,0.0133
2162,188,266,2,0.0133
2163,188,199,2,0.0133
2164,126,272,2,0.0133
2165,126,266,2,0.0133
2166,126,282,2,0.0133
2167,42,83,2,0.0133
2168,266,277,2,0.0133
2169,42,121,2,0.0133
2170,266,294,2,0.0133
2171,125,259,2,0.0133
2172,125,199,2,0.0133
2173,42,224,2,0.0133
2174,42,239,2,0.0133
2175,125,262,2,0.0133
2176,57,258,2,0.0133
2177,57,91,2,0.0133
2178,125,202,2,0.0133
2179,57,269,2,0.0133
2180,57,134,2,0.0133
2181,125,275,2,0.0133
2182,125,229,2,0.0133
2183,57,298,2,0.0133
2184,9,126,2,0.0133
2185,125,240,2,0.0133
2186,217,225,2,0.0133
2187,210,282,2,0.0133
2188,174,259,2,0.0133
2189,210,293,2,0.0133
2190,210,259,2,0.0133
2191,22,290,2,0.0133
2192,174,298,2,0.0133
2193,174,243,2,0.0133
2194,174,196,2,0.0133
2195,22,109,2,0.0133
2196,174,282,2,0.0133
2197,22,47,2,0.0133
2198,174,183,2,0.0133
2199,22,232,2,0.0133
2200,174,285,2,0.0133
2201,22,87,2,0.0133
2202,22,150,2,0.0133
2203,114,298,2,0.0133
2204,22,130,2,0.0133
2205,114,254,2,0.0133
2206,22,287,2,0.0133
2207,114,118,2,0.0133
2208,22,189,2,0.0133
2209,114,275,2,0.0133
2210,114,218,2,0.0133
2211,22,298,2,0.0133
2212,173,252,2,0.0133
2213,173,281,2,0.0133
2214,151,246,2,0.0133
2215,177,202,2,0.0133
2216,114,115,2,0.0133
2217,114,231,2,0.0133
2218,114,224,2,0.0133
2219,114,282,2,0.0133
2220,114,251,2,0.0133
2221,177,189,2,0.0133
2222,114,259,2,0.0133
2223,177,227,2,0.0133
2224,177,218,2,0.0133
2225,114,229,2,0.0133
2226,74,90,2,0.0133
2227,74,89,2,0.0133
2228,177,298,2,0.0133
2229,74,79,2,0.0133
2230,177,290,2,0.0133
2231,177,243,2,0.0133
2232,74,120,2,0.0133
2233,84,192,2,0.0133
2234,74,108,2,0.0133
2235,74,174,2,0.0133
2236,74,208,2,0.0133
2237,84,115,2,0.0133
2238,74,259,2,0.0133
2239,74,199,2,0.0133
2240,84,291,2,0.0133
2241,84,144,2,0.0133
2242,130,204,2,0.0133
2243,74,274,2,0.0133
2244,130,232,2,0.0133
2245,130,194,2,0.0133
2246,130,246,2,0.0133
2247,130,225,2,0.0133
2248,74,178,2,0.0133
2249,130,296,2,0.0133
2250,271,274,2,0.0133
2251,271,297,2,0.0133
2252,108,270,2,0.0133
2253,163,290,2,0.0133
2254,163,243,2,0.0133
2255,132,143,2,0.0133
2256,132,156,2,0.0133
2257,108,199,2,0.0133
2258,49,177,2,0.0133
2259,49,134,2,0.0133
2260,49,199,2,0.0133
2261,49,227,2,0.0133
2262,108,282,2,0.0133
2263,108,298,2,0.0133
2264,108,259,2,0.0133
2265,49,290,2,0.0133
2266,155,204,2,0.0133
2267,155,274,2,0.0133
2268,108,133,2,0.0133
2269,108,155,2,0.0133
2270,155,291,2,0.0133
2271,155,156,2,0.0133
2272,108,156,2,0.0133
2273,108,158,2,0.0133
2274,155,259,2,0.0133
2275,155,271,2,0.0133
2276,108,258,2,0.0133
2277,155,289,2,0.0133
2278,155,177,2,0.0133
2279,108,207,2,0.0133
2280,108,114,2,0.0133
2281,214,269,2,0.0133
2282,228,231,2,0.0133
2283,238,293,2,0.0133
2284,238,266,2,0.0133
2285,239,266,2,0.0133
2286,238,298,2,0.0133
2287,239,265,2,0.0133
2288,48,269,2,0.0133
2289,31,68,2,0.0133
2290,31,211,2,0.0133
2291,31,240,2,0.0133
2292,31,224,2,0.0133
2293,170,239,2,0.0133
2294,239,264,2,0.0133
2295,251,269,2,0.0133
2296,3,67,2,0.0133
2297,3,11,2,0.0133
2298,170,229,2,0.0133
2299,170,252,2,0.0133
2300,3,137,2,0.0133
2301,170,277,2,0.0133
2302,111,252,2,0.0133
2303,111,274,2,0.0133
2304,111,258,2,0.0133
2305,111,183,2,0.0133
2306,111,134,2,0.0133
2307,170,177,2,0.0133
2308,170,227,2,0.0133
2309,111,247,2,0.0133
2310,110,157,2,0.0133
2311,259,271,2,0.0133
2312,259,293,2,0.0133
2313,259,296,2,0.0133
2314,182,296,2,0.0133
2315,182,204,2,0.0133
2316,259,272,2,0.0133
2317,182,250,2,0.0133
2318,182,232,2,0.0133
2319,259,275,2,0.0133
2320,19,259,2,0.0133
2321,19,89,2,0.0133
2322,182,272,2,0.0133
2323,182,219,2,0.0133
2324,19,140,2,0.0133
2325,182,259,2,0.0133
2326,182,277,2,0.0133
2327,19,274,2,0.0133
2328,201,204,2,0.0133
2329,201,227,2,0.0133
2330,201,298,2,0.0133
2331,201,281,2,0.0133
2332,19,282,2,0.0133
2333,19,105,2,0.0133
2334,201,220,2,0.0133
2335,201,243,2,0.0133
2336,19,202,2,0.0133
2337,19,177,2,0.0133
2338,7,112,2,0.0133
2339,7,36,2,0.0133
2340,7,134,2,0.0133
2341,7,201,2,0.0133
2342,19,155,2,0.0133
2343,19,149,2,0.0133
2344,19,150,2,0.0133
2345,19,65,2,0.0133
2346,7,46,2,0.0133
2347,19,279,2,0.0133
2348,19,298,2,0.0133
2349,25,55,2,0.0133
2350,19,70,2,0.0133
2351,117,118,2,0.0133
2352,19,92,2,0.0133
2353,117,146,2,0.0133
2354,164,227,2,0.0133
2355,164,269,2,0.0133
2356,19,41,2,0.0133
2357,19,246,2,0.0133
2358,19,100,2,0.0133
2359,19,254,2,0.0133
2360,277,293,2,0.0133
2361,218,250,2,0.0133
2362,19,144,2,0.0133
2363,19,102,2,0.0133
2364,218,265,2,0.0133
2365,82,202,2,0.0133
2366,82,243,2,0.0133
2367,162,194,2,0.0133
2368,218,221,2,0.0133
2369,162,243,2,0.0133
2370,162,298,2,0.0133
2371,162,219,2,0.0133
2372,162,272,2,0.0133
2373,218,244,2,0.0133
2374,169,196,2,0.0133
2375,202,258,2,0.0133
2376,169,282,2,0.0133
2377,202,240,2,0.0133
2378,169,266,2,0.0133
2379,169,170,2,0.0133
2380,202,271,2,0.0133
2381,169,240,2,0.0133
2382,202,293,2,0.0133
2383,202,287,2,0.0133
2384,109,177,2,0.0133
2385,202,262,2,0.0133
2386,202,232,2,0.0133
2387,109,158,2,0.0133
2388,109,253,2,0.0133
2389,202,223,2,0.0133
2390,109,246,2,0.0133
2391,109,116,2,0.0133
2392,109,239,2,0.0133
2393,202,275,2,0.0133
2394,202,289,2,0.0133
2395,202,231,2,0.0133
2396,202,222,2,0.0133
2397,109,226,2,0.0133
2398,109,205,2,0.0133
2399,258,278,2,0.0133
2400,109,267,2,0.0133
2401,109,196,2,0.0133
2402,109,169,2,0.0133
2403,109,258,2,0.0133
2404,109,156,2,0.0133
2405,109,285,2,0.0133
2406,109,208,2,0.0133
2407,167,277,2,0.0133
2408,167,269,2,0.0133
2409,168,252,2,0.0133
2410,109,153,2,0.0133
2411,109,186,2,0.0133
2412,168,263,2,0.0133
2413,92,282,2,0.0133
2414,92,118,2,0.0133
2415,129,269,2,0.0133
2416,92,134,2,0.0133
2417,225,258,2,0.0133
2418,225,297,2,0.0133
2419,147,261,2,0.0133
2420,147,258,2,0.0133
2421,147,232,2,0.0133
2422,225,252,2,0.0133
2423,144,258,2,0.0133
2424,144,261,2,0.0133
2425,225,293,2,0.0133
2426,144,298,2,0.0133
2427,225,290,2,0.0133
2428,144,150,2,0.0133
2429,102,290,2,0.0133
2430,102,134,2,0.0133
2431,144,225,2,0.0133
2432,197,269,2,0.0133
2433,197,199,2,0.0133
2434,144,160,2,0.0133
2435,144,259,2,0.0133
2436,54,290,2,0.0133
2437,144,287,2,0.0133
2438,54,74,2,0.0133
2439,152,202,2,0.0133
2440,26,187,2,0.0133
2441,144,277,2,0.0133
2442,26,171,2,0.0133
2443,26,100,2,0.0133
2444,6,121,2,0.0133
2445,6,120,2,0.0133
2446,6,298,2,0.0133
2447,6,172,2,0.0133
2448,6,17,2,0.0133
2449,6,36,2,0.0133
2450,6,258,2,0.0133
2451,6,7,2,0.0133
2452,116,120,2,0.0133
2453,116,218,2,0.0133
2454,26,150,2,0.0133
2455,26,296,2,0.0133
2456,116,201,2,0.0133
2457,116,187,2,0.0133
2458,116,146,2,0.0133
2459,26,221,2,0.0133
2460,26,131,2,0.0133
2461,116,222,2,0.0133
2462,116,158,2,0.0133
2463,26,297,2,0.0133
2464,116,287,2,0.0133
2465,116,137,2,0.0133
2466,116,261,2,0.0133
2467,26,55,2,0.0133
2468,116,232,2,0.0133
2469,26,137,2,0.0133
2470,116,285,2,0.0133
2471,26,147,2,0.0133
2472,116,286,2,0.0133
2473,116,204,2,0.0133
2474,116,281,2,0.0133
2475,26,174,2,0.0133
2476,116,130,2,0.0133
2477,26,74,2,0.0133
2478,26,287,2,0.0133
2479,116,143,2,0.0133
2480,116,131,2,0.0133
2481,26,291,2,0.0133
2482,116,189,2,0.0133
2483,116,259,2,0.0133
2484,194,243,2,0.0133
2485,26,122,2,0.0133
2486,61,118,2,0.0133
2487,61,269,2,0.0133
2488,26,155,2,0.0133
2489,265,298,2,0.0133
2490,26,215,2,0.0133
2491,26,149,2,0.0133
2492,26,159,2,0.0133
2493,26,107,2,0.0133
2494,265,294,2,0.0133
2495,20,290,2,0.0133
2496,20,134,2,0.0133
2497,26,199,2,0.0133
2498,20,269,2,0.0133
2499,140,170,2,0.0133
2500,140,282,2,0.0133
2501,140,211,2,0.0133
2502,26,276,2,0.0133
2503,140,213,2,0.0133
2504,154,162,2,0.0133
2505,262,265,2,0.0133
2506,154,219,2,0.0133
2507,143,250,2,0.0133
2508,143,220,2,0.0133
2509,97,202,2,0.0133
2510,97,120,2,0.0133
2511,143,187,2,0.0133
2512,97,285,2,0.0133
2513,97,232,2,0.0133
2514,97,204,2,0.0133
2515,97,139,2,0.0133
2516,97,236,2,0.0133
2517,97,289,2,0.0133
2518,97,222,2,0.0133
2519,97,207,2,0.0133
2520,97,199,2,0.0133
2521,97,100,2,0.0133
2522,143,261,2,0.0133
2523,185,298,2,0.0133
2524,185,196,2,0.0133
2525,185,213,2,0.0133
2526,185,266,2,0.0133
2527,148,232,2,0.0133
2528,148,277,2,0.0133
2529,10,78,2,0.0133
2530,10,170,2,0.0133
2531,10,264,2,0.0133
2532,10,89,2,0.0133
2533,160,298,2,0.0133
2534,160,243,2,0.0133
2535,221,290,2,0.0133
2536,221,243,2,0.0133
2537,221,245,2,0.0133
2538,75,144,2,0.0133
2539,75,178,2,0.0133
2540,75,225,2,0.0133
2541,75,287,2,0.0133
2542,143,175,2,0.0133
2543,75,97,2,0.0133
2544,143,201,2,0.0133
2545,143,146,2,0.0133
2546,43,227,2,0.0133
2547,43,76,2,0.0133
2548,43,298,2,0.0133
2549,43,121,2,0.0133
2550,143,244,2,0.0133
2551,66,105,2,0.0133
2552,143,215,2,0.0133
2553,66,189,2,0.0133
2554,143,190,2,0.0133
2555,66,134,2,0.0133
2556,66,218,2,0.0133
2557,65,134,2,0.0133
2558,65,282,2,0.0133
2559,65,256,2,0.0133
2560,65,202,2,0.0133
2561,79,293,2,0.0133
2562,79,243,2,0.0133
2563,79,105,2,0.0133
2564,65,269,2,0.0133
2565,65,267,2,0.0133
2566,79,120,2,0.0133
2567,189,293,2,0.0133
2568,189,204,2,0.0133
2569,79,254,2,0.0133
2570,79,246,2,0.0133
2571,189,275,2,0.0133
2572,79,109,2,0.0133
2573,137,144,2,0.0133
2574,189,297,2,0.0133
2575,189,222,2,0.0133
2576,189,245,2,0.0133
2577,189,237,2,0.0133
2578,189,232,2,0.0133
2579,189,254,2,0.0133
2580,137,160,2,0.0133
2581,21,121,2,0.0133
2582,52,204,2,0.0133
2583,52,298,2,0.0133
2584,52,81,2,0.0133
2585,21,269,2,0.0133
2586,52,269,2,0.0133
2587,86,143,2,0.0133
2588,52,121,2,0.0133
2589,52,274,2,0.0133
2590,52,172,2,0.0133
2591,86,189,2,0.0133
2592,52,272,2,0.0133
2593,52,174,2,0.0133
2594,52,214,2,0.0133
2595,133,143,2,0.0133
2596,133,155,2,0.0133
2597,133,290,2,0.0133
2598,86,121,2,0.0133
2599,86,274,2,0.0133
2600,133,291,2,0.0133
2601,30,209,2,0.0133
2602,30,134,2,0.0133
2603,30,100,2,0.0133
2604,30,269,2,0.0133
2605,30,144,2,0.0133
2606,256,269,2,0.0133
2607,86,139,2,0.0133
2608,81,259,2,0.0133
2609,86,180,2,0.0133
2610,4,267,2,0.0133
2611,81,274,2,0.0133
2612,4,64,2,0.0133
2613,4,256,2,0.0133
2614,240,298,2,0.0133
2615,18,281,2,0.0133
2616,18,259,2,0.0133
2617,240,273,2,0.0133
2618,18,115,2,0.0133
2619,240,269,2,0.0133
2620,193,277,2,0.0133
2621,240,251,2,0.0133
2622,193,202,2,0.0133
2623,193,298,2,0.0133
2624,240,259,2,0.0133
2625,198,298,2,0.0133
2626,198,269,2,0.0133
2627,240,252,2,0.0133
2628,232,261,2,0.0133
2629,64,201,2,0.0133
2630,64,125,2,0.0133
2631,64,143,2,0.0133
2632,64,118,2,0.0133
2633,64,77,2,0.0133
2634,64,210,2,0.0133
2635,121,131,2,0.0133
2636,64,185,2,0.0133
2637,64,268,2,0.0133
2638,64,282,2,0.0133
2639,64,250,2,0.0133
2640,64,65,2,0.0133
2641,64,265,2,0.0133
2642,209,213,2,0.0133
2643,68,203,2,0.0133
2644,121,136,2,0.0133
2645,267,268,2,0.0133
2646,166,204,2,0.0133
2647,166,254,2,0.0133
2648,121,258,2,0.0133
2649,166,243,2,0.0133
2650,94,298,2,0.0133
2651,83,240,2,0.0133
2652,121,262,2,0.0133
2653,121,237,2,0.0133
2654,83,275,2,0.0133
2655,83,140,2,0.0133
2656,83,202,2,0.0133
2657,83,273,2,0.0133
2658,93,265,2,0.0133
2659,93,276,2,0.0133
2660,93,143,2,0.0133
2661,123,213,2,0.0133
2662,121,239,2,0.0133
2663,123,209,2,0.0133
2664,55,224,2,0.0133
2665,55,147,2,0.0133
2666,55,120,2,0.0133
2667,121,163,2,0.0133
2668,55,76,2,0.0133
2669,55,108,2,0.0133
2670,55,225,2,0.0133
2671,55,277,2,0.0133
2672,55,77,2,0.0133
2673,55,67,2,0.0133
2674,55,259,2,0.0133
2675,121,300,2,0.0133
2676,55,183,2,0.0133
2677,121,245,2,0.0133
2678,121,252,2,0.0133
2679,55,137,2,0.0133
2680,55,282,2,0.0133
2681,121,127,2,0.0133
2682,55,290,2,0.0133
2683,55,157,2,0.0133
2684,55,130,2,0.0133
2685,55,227,2,0.0133
2686,33,209,2,0.0133
2687,33,99,2,0.0133
2688,33,123,2,0.0133
2689,33,134,2,0.0133
2690,121,281,2,0.0133
2691,17,189,2,0.0133
2692,121,256,2,0.0133
2693,17,298,2,0.0133
2694,121,145,2,0.0133
2695,121,180,2,0.0133
2696,17,105,2,0.0133
2697,17,287,2,0.0133
2698,17,111,2,0.0133
2699,17,28,2,0.0133
2700,17,118,2,0.0133
2701,121,157,2,0.0133
2702,17,181,2,0.0133
2703,17,131,2,0.0133
2704,121,182,2,0.0133
2705,17,47,2,0.0133
2706,17,182,2,0.0133
2707,17,225,2,0.0133
2708,17,35,2,0.0133
2709,17,222,2,0.0133
2710,121,146,2,0.0133
2711,121,295,2,0.0133
2712,121,168,2,0.0133
2713,17,134,2,0.0133
2714,17,174,2,0.0133
2715,121,253,2,0.0133
2716,17,218,2,0.0133
2717,203,248,2,0.0133
2718,203,238,2,0.0133
2719,203,224,2,0.0133
2720,203,230,2,0.0133
2721,59,269,2,0.0133
2722,121,234,2,0.0133
2723,40,72,2,0.0133
2724,105,245,2,0.0133
2725,105,189,2,0.0133
2726,105,112,2,0.0133
2727,121,125,2,0.0133
2728,105,122,2,0.0133
2729,105,212,2,0.0133
2730,105,109,2,0.0133
2731,104,293,2,0.0133
2732,104,290,2,0.0133
2733,104,227,2,0.0133
2734,53,263,2,0.0133
2735,138,144,2,0.0133
2736,27,221,2,0.0133
2737,27,219,2,0.0133
2738,27,121,2,0.0133
2739,27,290,2,0.0133
2740,88,180,2,0.0133
2741,88,93,2,0.0133
2742,88,109,2,0.0133
2743,88,134,2,0.0133
2744,27,67,2,0.0133
2745,85,263,2,0.0133
2746,27,72,2,0.0133
2747,27,281,2,0.0133
2748,141,201,2,0.0133
2749,27,55,2,0.0133
2750,27,201,2,0.0133
2751,141,218,2,0.0133
2752,141,144,2,0.0133
2753,141,154,2,0.0133
2754,141,289,2,0.0133
2755,27,215,2,0.0133
2756,2,121,2,0.0133
2757,141,202,2,0.0133
2758,2,104,2,0.0133
2759,213,278,2,0.0133
2760,213,272,2,0.0133
2761,213,259,2,0.0133
2762,213,298,2,0.0133
2763,32,170,2,0.0133
2764,227,292,2,0.0133
2765,142,264,2,0.0133
2766,227,256,2,0.0133
2767,227,262,2,0.0133
2768,227,294,2,0.0133
2769,142,266,2,0.0133
2770,142,265,2,0.0133
2771,142,227,2,0.0133
2772,227,250,2,0.0133
2773,227,264,2,0.0133
2774,227,266,2,0.0133
2775,227,261,2,0.0133
2776,227,243,2,0.0133
2777,227,290,2,0.0133
2778,14,114,2,0.0133
2779,146,160,2,0.0133
2780,146,155,2,0.0133
2781,150,222,2,0.0133
2782,150,202,2,0.0133
2783,248,265,2,0.0133
2784,248,264,2,0.0133
2785,77,274,2,0.0133
2786,77,262,2,0.0133
2787,77,185,2,0.0133
2788,172,182,2,0.0133
2789,77,134,2,0.0133
2790,77,259,2,0.0133
2791,172,272,2,0.0133
2792,77,281,2,0.0133
2793,77,100,2,0.0133
2794,77,120,2,0.0133
2795,77,152,2,0.0133
2796,77,177,2,0.0133
2797,77,285,2,0.0133
2798,77,277,2,0.0133
2799,77,298,2,0.0133
2800,77,222,2,0.0133
2801,87,130,2,0.0133
2802,87,269,2,0.0133
2803,87,189,2,0.0133
2804,39,115,2,0.0133
2805,115,148,2,0.0133
2806,39,130,2,0.0133
2807,39,269,2,0.0133
2808,127,134,2,0.0133
2809,127,170,2,0.0133
2810,127,238,2,0.0133
2811,115,193,2,0.0133
2812,115,133,2,0.0133
2813,220,298,2,0.0133
2814,220,254,2,0.0133
2815,220,227,2,0.0133
2816,115,249,2,0.0133
2817,220,275,2,0.0133
2818,220,268,2,0.0133
2819,115,157,2,0.0133
2820,220,266,2,0.0133
2821,273,282,2,0.0133
2822,156,213,2,0.0133
2823,156,290,2,0.0133
2824,156,189,2,0.0133
2825,156,298,2,0.0133
2826,156,202,2,0.0133
2827,115,250,2,0.0133
2828,274,277,2,0.0133
2829,274,287,2,0.0133
2830,274,276,2,0.0133
2831,115,164,2,0.0133
2832,157,211,2,0.0133
2833,157,172,2,0.0133
2834,157,252,2,0.0133
2835,157,269,2,0.0133
2836,115,138,2,0.0133
2837,157,259,2,0.0133
2838,157,171,2,0.0133
2839,157,218,2,0.0133
2840,180,202,2,0.0133
2841,180,199,2,0.0133
2842,183,243,2,0.0133
2843,183,274,2,0.0133
2844,183,219,2,0.0133
2845,183,296,2,0.0133
2846,183,232,2,0.0133
2847,115,211,2,0.0133
2848,11,70,2,0.0133
2849,11,47,2,0.0133
2850,11,218,2,0.0133
2851,115,252,2,0.0133
2852,115,286,2,0.0133
2853,11,220,2,0.0133
2854,11,17,2,0.0133
2855,11,35,2,0.0133
2856,115,124,2,0.0133
2857,11,222,2,0.0133
2858,11,189,2,0.0133
2859,11,138,2,0.0133
2860,11,181,2,0.0133
2861,115,270,2,0.0133
2862,115,266,2,0.0133
2863,115,264,2,0.0133
2864,11,274,2,0.0133
2865,11,211,2,0.0133
2866,11,290,2,0.0133
2867,11,185,2,0.0133
2868,115,208,2,0.0133
2869,11,282,2,0.0133
2870,11,261,2,0.0133
2871,11,86,2,0.0133
2872,11,250,2,0.0133
2873,11,108,2,0.0133
2874,11,27,2,0.0133
2875,11,141,2,0.0133
2876,119,290,2,0.0133
2877,176,185,2,0.0133
2878,119,134,2,0.0133
2879,247,258,2,0.0133
2880,28,67,2,0.0133
2881,28,255,2,0.0133
2882,28,293,2,0.0133
2883,28,133,2,0.0133
2884,211,298,2,0.0133
2885,211,282,2,0.0133
2886,28,259,2,0.0133
2887,28,261,2,0.0133
2888,211,252,2,0.0133
2889,211,274,2,0.0133
2890,28,210,2,0.0133
2891,28,149,2,0.0133
2892,28,109,2,0.0133
2893,28,143,2,0.0133
2894,211,259,2,0.0133
2895,28,292,2,0.0133
2896,241,242,2,0.0133
2897,243,287,2,0.0133
2898,63,116,2,0.0133
2899,28,189,2,0.0133
2900,28,202,2,0.0133
2901,63,232,2,0.0133
2902,28,130,2,0.0133
2903,63,121,2,0.0133
2904,28,238,2,0.0133
2905,28,151,2,0.0133
2906,28,298,2,0.0133
2907,28,115,2,0.0133
2908,63,183,2,0.0133
2909,89,204,2,0.0133
2910,89,258,2,0.0133
2911,89,137,2,0.0133
2912,12,269,2,0.0133
2913,89,201,2,0.0133
2914,89,149,2,0.0133
2915,12,290,2,0.0133
2916,12,134,2,0.0133
2917,12,97,2,0.0133
2918,78,145,2,0.0133
2919,89,212,2,0.0133
2920,78,252,2,0.0133
2921,89,120,2,0.0133
2922,89,183,2,0.0133
2923,89,298,2,0.0133
2924,224,298,2,0.0133
2925,139,276,2,0.0133
2926,78,169,2,0.0133
2927,78,109,2,0.0133
2928,78,242,2,0.0133
2929,139,196,2,0.0133
2930,78,202,2,0.0133
2931,78,264,2,0.0133
2932,78,224,2,0.0133
2933,78,140,2,0.0133
2934,78,245,2,0.0133
2935,139,269,2,0.0133
2936,139,199,2,0.0133
2937,139,236,2,0.0133
2938,139,298,2,0.0133
2939,78,259,2,0.0133
2940,78,211,2,0.0133
2941,78,83,2,0.0133
2942,139,219,2,0.0133
2943,78,274,2,0.0133
2944,78,275,2,0.0133
2945,8,253,2,0.0133
2946,8,158,2,0.0133
2947,8,105,2,0.0133
2948,80,178,2,0.0133
2949,8,164,2,0.0133
2950,8,155,2,0.0133
2951,8,156,2,0.0133
2952,8,185,2,0.0133
2953,8,177,2,0.0133
2954,80,121,2,0.0133
2955,80,282,2,0.0133
2956,8,166,2,0.0133
2957,8,282,2,0.0133
2958,8,207,2,0.0133
2959,35,141,2,0.0133
2960,8,231,2,0.0133
2961,8,36,2,0.0133
2962,8,100,2,0.0133
2963,8,70,2,0.0133
2964,120,172,2,0.0133
2965,35,150,2,0.0133
2966,120,207,2,0.0133
2967,35,71,2,0.0133
2968,120,144,2,0.0133
2969,120,261,2,0.0133
2970,120,254,2,0.0133
2971,120,133,2,0.0133
2972,35,246,2,0.0133
2973,35,285,2,0.0133
2974,35,298,2,0.0133
2975,120,128,2,0.0133
2976,35,47,2,0.0133
2977,120,158,2,0.0133
2978,120,224,2,0.0133
2979,120,183,2,0.0133
2980,35,147,2,0.0133
2981,120,177,2,0.0133
2982,35,55,2,0.0133
2983,120,201,2,0.0133
2984,35,97,2,0.0133
2985,35,182,2,0.0133
2986,120,204,2,0.0133
2987,35,149,2,0.0133
2988,120,154,2,0.0133
2989,120,250,2,0.0133
2990,120,295,2,0.0133
2991,120,202,2,0.0133
2992,35,261,2,0.0133
2993,35,89,2,0.0133
2994,120,155,2,0.0133
2995,51,213,2,0.0133
2996,51,214,2,0.0133
2997,205,269,2,0.0133
2998,51,120,2,0.0133
2999,51,162,2,0.0133
3000,149,193,2,0.0133
3001,51,115,2,0.0133
3002,149,243,2,0.0133
3003,51,158,2,0.0133
3004,149,259,2,0.0133
3005,51,72,2,0.0133
3006,149,210,2,0.0133
3007,149,222,2,0.0133
3008,51,187,2,0.0133
3009,37,115,2,0.0133
3010,37,121,2,0.0133
3011,37,183,2,0.0133
3012,37,265,2,0.0133
3013,37,222,2,0.0133
