id,name,category,created_at
0089ea43-aa25-4be0-83da-558109016cfe,walleye,fish,2026-04-11 16:03:14.607702+00
00ae21ef-6b92-4770-8d44-1ebb13b4548b,paneer,dairy,2026-04-11 16:03:14.607702+00
0160fee2-04e7-482e-b928-d3a10c7d411c,cherry pepper,vegetable fruit,2026-04-11 16:03:14.607702+00
024f58fe-fa97-432b-99e6-46d609b2afc5,fish,fish,2026-04-11 16:03:14.607702+00
0266c734-04fd-4f2d-81f0-2eb2fe314e2f,redskin onion,vegetable,2026-04-11 16:03:14.607702+00
02a48475-7aaa-49ce-ae7f-0a747d430c69,spiny lobster,seafood,2026-04-11 16:03:14.607702+00
02c4070c-b89f-4368-863c-0cae0128191a,breadfruit,fruit,2026-04-11 16:03:14.607702+00
03185798-d3b9-415b-86a9-95333b16f296,black tea,beverage caffeinated,2026-04-11 16:03:14.607702+00
031b098e-5802-4fd1-a9e8-1bc6f3d1b335,beli,fruit,2026-04-11 16:03:14.607702+00
03478671-1b3e-4769-8a5d-132aed69c1e1,comte cheese,dairy,2026-04-11 16:03:14.607702+00
038c5115-8b64-4ecd-b3eb-ce9a45a33801,ylang-ylang,essential oil,2026-04-11 16:03:14.607702+00
03c86ece-be61-47f3-8d3e-e72add837f9c,european anchovy,fish,2026-04-11 16:03:14.607702+00
03c94b23-e369-45fc-b5db-77ab0a6c83bc,cooking oil,additive,2026-04-11 16:03:14.607702+00
044b21c9-d535-46bc-bcd6-0b6cc1332546,brazil nut,nut,2026-04-11 16:03:14.607702+00
04aae6d1-0ffe-40be-bc30-45659efeb5ee,japanese chestnut,nut,2026-04-11 16:03:14.607702+00
051dd30e-57fa-4c95-bcc9-2e68433193c4,bonito,fish,2026-04-11 16:03:14.607702+00
064bf65b-558a-40a0-91e4-b5526723e8e1,bakery products,bakery,2026-04-11 16:03:14.607702+00
06523ab4-862c-49aa-af35-488be6a7533a,pita bread,bakery,2026-04-11 16:03:14.607702+00
0668f711-f717-4fe3-aad4-758ce6614977,margarine like spread,additive,2026-04-11 16:03:14.607702+00
06712c5a-9362-49be-ab0b-58ecdd9cecac,european rabbit,meat,2026-04-11 16:03:14.607702+00
0759234b-e321-401a-8912-1313702a9d1b,lasagna,dish,2026-04-11 16:03:14.607702+00
07fbf581-a26a-40f2-90d7-e0733f9f4b33,red king crab,seafood,2026-04-11 16:03:14.607702+00
0854db47-5caf-4340-bdad-eef7f6894643,chanterelle,fungus,2026-04-11 16:03:14.607702+00
0871f4da-c482-4c85-88a7-c24a3c99ebd6,ketchup,additive,2026-04-11 16:03:14.607702+00
087633b5-f212-485d-b88e-bafb83291519,medlar,fruit,2026-04-11 16:03:14.607702+00
088df9db-0c78-4c9d-9fb5-55f685bdad52,cassia,spice,2026-04-11 16:03:14.607702+00
0974fb49-1e5d-4499-9a4f-a726074391ce,corn chip,bakery,2026-04-11 16:03:14.607702+00
09a89d40-0ca8-4423-8d99-e20d10dc73db,radish,vegetable root,2026-04-11 16:03:14.607702+00
09fde9a4-be20-4b1e-bf6b-d4691c444d61,pheasant,meat,2026-04-11 16:03:14.607702+00
0a465bef-b0da-46c7-b643-17282ef28607,canola oil,essential oil,2026-04-11 16:03:14.607702+00
0aa7665e-7bf7-463f-b73d-1398308c8e49,anchovy,fish,2026-04-11 16:03:14.607702+00
0aa8a47a-490f-4e0d-8ab4-9470c4483469,american butterfish,fish,2026-04-11 16:03:14.607702+00
0b0f001c-afe0-4e4f-9581-558e9fd29f94,black mulberry,berry,2026-04-11 16:03:14.607702+00
0b4e1c33-d1a3-47c8-8975-6a3bf806c73c,fatty fish,fish,2026-04-11 16:03:14.607702+00
0b6e46b0-0b03-45cc-a079-ec031a0d2d5f,sweetcorn,maize,2026-04-11 16:03:14.607702+00
0bab619e-7311-4fa0-aa18-9b2d59ff2fa4,papaya,fruit,2026-04-11 16:03:14.607702+00
0c2e04d5-32bf-4edb-ac96-d9884c19717b,sorghum,cereal,2026-04-11 16:03:14.607702+00
0c448bde-3161-4884-a5b5-e8ba4f058137,cassava,vegetable tuber,2026-04-11 16:03:14.607702+00
0c4fa523-84b1-4db2-b39f-e1ba529b97bc,musk melon,fruit,2026-04-11 16:03:14.607702+00
0c63ca8e-7bc8-4d67-ac19-a056a6794f12,chinook salmon,fish,2026-04-11 16:03:14.607702+00
0c747a12-9fcc-4e13-b6f4-c0957eb92b26,gelatin dessert,additive,2026-04-11 16:03:14.607702+00
0c80712c-6e82-44d5-8051-639916e868d4,pizza,dish,2026-04-11 16:03:14.607702+00
0cef557c-8a27-4d70-aa0a-7eaa602ec768,nougat,dish,2026-04-11 16:03:14.607702+00
0d1b8eb3-7c09-4baa-8e5d-dd9fe18ea094,cheddar cheese,dairy,2026-04-11 16:03:14.607702+00
0d2c85d6-5889-4bff-8061-09b9b00027a7,lobster,seafood,2026-04-11 16:03:14.607702+00
0d86ad69-38ec-4231-ad77-e6f8c6c75178,hops,plant,2026-04-11 16:03:14.607702+00
0df8f898-98aa-4830-846a-c425330bae95,shiitake,fungus,2026-04-11 16:03:14.607702+00
0e188e6a-fbfc-456b-83c9-3151d145400f,thistle,plant,2026-04-11 16:03:14.607702+00
0eb78e1c-6c2f-4589-a1f3-c8452512dffd,feijoa,fruit,2026-04-11 16:03:14.607702+00
0f0efa7b-a09b-4bd7-ba33-73f8976689dd,burrito,dish,2026-04-11 16:03:14.607702+00
0f61e86f-8649-4e54-88f3-5a28465810f7,cake,dish,2026-04-11 16:03:14.607702+00
0f630e7a-db34-4203-b682-7048cc01ca0b,arabica coffee,beverage caffeinated,2026-04-11 16:03:14.607702+00
0f67fdf0-2aff-4af1-97b3-ed24eb40fa5a,bilberry wine,beverage alcoholic,2026-04-11 16:03:14.607702+00
0fb08946-2ea1-4f5f-83fa-242b27a15e1b,mozzarella cheese,dairy,2026-04-11 16:03:14.607702+00
0fee6ac5-de62-4bfd-bf8d-3ccd200b399f,other pasta dish,dish,2026-04-11 16:03:14.607702+00
102b69ca-2099-4ea4-8f4a-1bd400088f93,red currant,fruit,2026-04-11 16:03:14.607702+00
105becc0-5a8f-45ba-9b6a-6e1ac2ff30fd,fig,fruit,2026-04-11 16:03:14.607702+00
10797980-98f9-4681-ab82-5022e15a0c1b,corn salad,vegetable,2026-04-11 16:03:14.607702+00
10913ac7-dbaa-40d0-bbb3-eed6b6d875fc,clove,spice,2026-04-11 16:03:14.607702+00
11c9f69a-4212-4dc0-8f3d-a87e715d3469,cherry brandy,beverage alcoholic,2026-04-11 16:03:14.607702+00
12813c8f-965d-4bd5-a8c2-43acfd38276f,purslane,plant,2026-04-11 16:03:14.607702+00
138e0bec-5c23-4d1e-83db-fb15335d2fd6,hibiscus tea,beverage,2026-04-11 16:03:14.607702+00
146ca6f6-8e40-4b0b-b156-a72bf4e9b4c4,soy cream,dish,2026-04-11 16:03:14.607702+00
15f3a50a-056f-45ad-9e3a-7cc6e8e7314d,red sage,essential oil,2026-04-11 16:03:14.607702+00
160525bb-57c1-4a5c-9081-4541055d3d31,mace,spice,2026-04-11 16:03:14.607702+00
162ab109-90ce-4c99-abfa-1ba66b5c18da,pecans,nut,2026-04-11 16:03:14.607702+00
165c1171-3d99-4e32-b960-2d91977d390a,acerola,berry,2026-04-11 16:03:14.607702+00
167fa0e4-0091-447d-b568-19010e054330,striped mullet,fish,2026-04-11 16:03:14.607702+00
1704392b-dab1-4bd5-ba30-0e014a85a7cc,muskrat,meat,2026-04-11 16:03:14.607702+00
17d76adc-74ff-4c83-8deb-7853b0207b6d,soursop,fruit,2026-04-11 16:03:14.607702+00
18396b54-89bf-4f5d-9f7b-e56dc2319c27,macaroni and cheese,dish,2026-04-11 16:03:14.607702+00
1895b8bb-489d-41b7-8b4a-c1876f735cc2,sauce,additive,2026-04-11 16:03:14.607702+00
18a0cb74-9530-4262-b2c9-7053bbe86e84,wattle,essential oil,2026-04-11 16:03:14.607702+00
18b2561e-c6d4-49f8-b254-ddbf6e79174f,milk powder,dairy,2026-04-11 16:03:14.607702+00
18e638d2-1730-41a5-94b1-1b22ac26e473,french plantain,plant,2026-04-11 16:03:14.607702+00
18f065f2-5d1d-4a0f-884e-f06f96b46e3c,cognac brandy,beverage alcoholic,2026-04-11 16:03:14.607702+00
193339aa-b9d5-4c64-8b7a-0baaa0c2dc8a,truffle,fungus,2026-04-11 16:03:14.607702+00
19da4a61-a769-49a1-aae6-9f7faf1ecb1f,pawpaw,fruit,2026-04-11 16:03:14.607702+00
19e61764-4d39-4437-8963-1192d0a43ec2,white pepper,spice,2026-04-11 16:03:14.607702+00
1a40fdc0-b1ba-42e7-a18f-48dfba931818,summer savory,herb,2026-04-11 16:03:14.607702+00
1a45fecf-1bcb-45d5-8076-6abc940749fc,small leaf linden,plant,2026-04-11 16:03:14.607702+00
1aa2dc5f-a573-4b24-89f8-c9bd42cdaebc,hippoglossus,fish,2026-04-11 16:03:14.607702+00
1acb407e-75f3-426a-bb8c-c5b020bf940e,dairy products,dairy,2026-04-11 16:03:14.607702+00
1adfed1a-ffe1-404c-a8ab-0f4ae513f8fe,pepino,fruit,2026-04-11 16:03:14.607702+00
1ae9d3de-8d19-4b15-b8e6-0f3f5b08b9f0,rye,cereal,2026-04-11 16:03:14.607702+00
1b08b483-b2d6-4966-a397-6713b0d4d452,cherry tomato,berry,2026-04-11 16:03:14.607702+00
1b2de5ad-8c4c-47b6-9111-6c8d08335fb4,raisin,fruit,2026-04-11 16:03:14.607702+00
1b2e9052-091f-4df1-b049-f5673c416286,waffle,dish,2026-04-11 16:03:14.607702+00
1c3e284d-a1cc-40c8-9d3d-1f370456b2a0,atlantic mackerel,fish,2026-04-11 16:03:14.607702+00
1c7fab25-f182-4e71-9357-9ba673ac417f,cusk,fish,2026-04-11 16:03:14.607702+00
1cdbc71a-aeba-4d7c-9f95-a8ba946c8390,sesbania flower,flower,2026-04-11 16:03:14.607702+00
1ce8a8d1-7d79-4ac2-95f2-6badc5b55a51,peanut butter,plant derivative,2026-04-11 16:03:14.607702+00
1cf17334-c2df-44ca-8df2-861c708c9f0d,lovage,essential oil,2026-04-11 16:03:14.607702+00
1d8dc8e5-41d8-402c-856e-6ca4c63d7245,filbert,nut,2026-04-11 16:03:14.607702+00
1df1bf1e-2a11-4f44-a717-eefe9d82c30f,alpine sweetvetch,plant,2026-04-11 16:03:14.607702+00
1e1ee179-f6b1-474f-b4a3-667ede00bd91,coriander,herb,2026-04-11 16:03:14.607702+00
1e874f30-5516-444e-9b62-a1ee7b5cae50,atlantic halibut,fish,2026-04-11 16:03:14.607702+00
1e87eebb-8814-4eab-8238-c5831827b6f9,akutaq,dish,2026-04-11 16:03:14.607702+00
1ef2f1d2-835b-40c1-935f-cc89d65de878,malt whisky,beverage alcoholic,2026-04-11 16:03:14.607702+00
1f2adee2-441f-4fac-9810-8b95bd66d8f5,spinach,vegetable,2026-04-11 16:03:14.607702+00
1f353345-5919-4ded-8f51-b63f0a2cb2ca,wild cherry,berry,2026-04-11 16:03:14.607702+00
1f75ca6f-63cd-4848-a4bd-f3f78716e53a,macadamia nut,nut,2026-04-11 16:03:14.607702+00
1fb1f2e3-3b03-4b86-be08-86fbdf1f5e85,mexican oregano,herb,2026-04-11 16:03:14.607702+00
1fbea049-60fa-43aa-926f-37ec5870daaf,bergamot,fruit citrus,2026-04-11 16:03:14.607702+00
1ffcd157-4077-40a0-8156-1b16e9d18f8c,winter savory,herb,2026-04-11 16:03:14.607702+00
206be405-29fd-487f-aab9-cd10a73925a6,mustard,cabbage,2026-04-11 16:03:14.607702+00
20ecc604-0e44-4bd3-9252-5ea5b09b22d1,blackberry,berry,2026-04-11 16:03:14.607702+00
217a8b6e-6f6b-42f8-b3f6-d2e1c486f5b8,almond,nut,2026-04-11 16:03:14.607702+00
21d3209d-15bc-499e-b7d6-8323a00b2aad,ohelo berry,berry,2026-04-11 16:03:14.607702+00
21f24cb4-9aa3-4be3-b3c0-d2c8283feb04,greenland halibut,fish,2026-04-11 16:03:14.607702+00
227c7db3-d031-492b-92ce-8c2b0c25b63f,oriental wheat,cereal,2026-04-11 16:03:14.607702+00
22a84d0b-578c-4f4f-8d84-07f5103e9aa1,caribou,meat,2026-04-11 16:03:14.607702+00
22dd0118-c8be-4be2-8ab8-c8a808f9bc51,adobo,dish,2026-04-11 16:03:14.607702+00
23fe1743-b6d6-4db2-afff-3738d9846dd1,apple cider vinegar,plant derivative,2026-04-11 16:03:14.607702+00
240b5587-946d-45a0-9ab7-72f43e640877,snail,meat,2026-04-11 16:03:14.607702+00
24202174-5aee-4051-b758-b1c361bb28c9,peppermint,herb,2026-04-11 16:03:14.607702+00
24535ae6-3f74-4b9b-8b32-45f479f0cefd,acorn,nut,2026-04-11 16:03:14.607702+00
246844ea-6761-4429-a183-759bbf680eb4,black huckleberry,berry,2026-04-11 16:03:14.607702+00
24996f3c-d5c5-4f46-ad49-723509331961,black-eyed pea,legume,2026-04-11 16:03:14.607702+00
24e74552-b1b8-45ec-b9f5-a8c7b29b7156,nopal,plant,2026-04-11 16:03:14.607702+00
25399408-5e75-4eaf-961f-38941b890306,bulgur,cereal,2026-04-11 16:03:14.607702+00
2562dc01-1c41-4799-a9cb-649dae22b2b7,arar,essential oil,2026-04-11 16:03:14.607702+00
25c72fb8-8427-45f5-9490-4e13371fa133,sweet custard,dairy,2026-04-11 16:03:14.607702+00
25f357a1-10ab-4db3-a8cf-3dee43548319,mutton,meat,2026-04-11 16:03:14.607702+00
2626ed4e-b608-4158-be6a-dd6f212ec23b,scrapple,dish,2026-04-11 16:03:14.607702+00
268f5146-0801-4101-9b6d-1bae4418d3b1,sorrel,herb,2026-04-11 16:03:14.607702+00
26b89017-5af1-41ad-a692-285e1758024e,yellowtail amberjack,fish,2026-04-11 16:03:14.607702+00
26bcf003-a574-4c58-b12a-c2a2a4909852,tea leaf willow,herb,2026-04-11 16:03:14.607702+00
26f3ae7f-f0e8-406c-92a2-8f340aa157ab,orange roughy,fish,2026-04-11 16:03:14.607702+00
2766cff1-84d8-44d6-9fd9-0ddc3182474c,nance,fruit,2026-04-11 16:03:14.607702+00
27974321-049a-4531-bf51-e07635876e00,wheaten bread,bakery,2026-04-11 16:03:14.607702+00
27a98c52-9330-4380-8b37-b6203e55d21e,true frog,meat,2026-04-11 16:03:14.607702+00
29200db3-9e53-4087-9c76-41b11fc162dd,romano cheese,dairy,2026-04-11 16:03:14.607702+00
29579649-c8e9-4ff5-8f37-b46d3a8966a3,sheepshead,fish,2026-04-11 16:03:14.607702+00
29ddf538-07e8-4463-9d59-11eed5404ebc,tea,plant,2026-04-11 16:03:14.607702+00
2a0ae09c-d493-4763-a0e5-1d97ff9f5cd3,chimichanga,dish,2026-04-11 16:03:14.607702+00
2a218dde-820f-469a-95ae-04b4de3a4208,ice cream cone,dish,2026-04-11 16:03:14.607702+00
2a39c17f-7b77-483c-b02b-7b82f8fd2af1,pili nut,nut,2026-04-11 16:03:14.607702+00
2a79d3a1-047d-4411-80ea-8872187d6d6d,nuttall cockle,fish,2026-04-11 16:03:14.607702+00
2ac869b0-fb10-4559-84d2-ace3a06b4cfd,meatball,dish,2026-04-11 16:03:14.607702+00
2b9990e3-7ee9-45ef-a99d-a8b23cef023b,bittergourd,gourd,2026-04-11 16:03:14.607702+00
2baadd2b-e676-4f99-a24f-212113db4f24,mule deer,meat,2026-04-11 16:03:14.607702+00
2c2ed744-ca0b-4394-aaed-b7075f8fb1e5,lemon,fruit citrus,2026-04-11 16:03:14.607702+00
2c48963b-dc1c-47f1-ac61-a62d4eb88b34,greylag goose,meat,2026-04-11 16:03:14.607702+00
2d100938-4980-4d54-8398-f0a7dd5d6caa,lime,fruit citrus,2026-04-11 16:03:14.607702+00
2d6048c0-d907-467d-afe4-dc3b0cab3c56,flatfish,fish,2026-04-11 16:03:14.607702+00
2f11e26f-bbab-4ea2-84a4-5cdbf0097e72,valerian,essential oil,2026-04-11 16:03:14.607702+00
2f2904dc-9004-45cc-b892-e100580b4faa,mushroom,fungus,2026-04-11 16:03:14.607702+00
2fd7665a-a446-4655-8e7d-76acb1a8b3ce,parsley,spice,2026-04-11 16:03:14.607702+00
30344657-3cde-4eb3-b50e-9ba04fb46c64,moth bean,legume,2026-04-11 16:03:14.607702+00
30965ee5-be57-4a3f-b7b5-f36546fd786a,squid,seafood,2026-04-11 16:03:14.607702+00
309b6814-a268-41a2-b2ef-c075a3ebdba9,artichoke,flower,2026-04-11 16:03:14.607702+00
30aa1c41-8447-46c4-9fe7-80d2a9a82aae,anise brandy,beverage alcoholic,2026-04-11 16:03:14.607702+00
30e10550-5f7b-431d-b5d5-b1f16d80513f,smelt,fish,2026-04-11 16:03:14.607702+00
31672790-c029-4ae0-baf6-c6261e1a29b6,pomegranate,fruit,2026-04-11 16:03:14.607702+00
3167c3f9-22dc-4254-ba51-d5f91409c1b7,winged bean,legume,2026-04-11 16:03:14.607702+00
31a571b4-59e6-44ce-b0fe-5efac2adbe00,smoked fish,fish,2026-04-11 16:03:14.607702+00
31e135ee-9c77-4350-a76e-9e24233add16,colocasia,vegetable,2026-04-11 16:03:14.607702+00
31ed8bbb-74ff-4a5b-870a-15d5753264f3,pepper,spice,2026-04-11 16:03:14.607702+00
32b834d6-0ac2-487b-9212-4e48b8bc0238,skunk currant,fruit,2026-04-11 16:03:14.607702+00
348782ea-cb44-4551-8a3b-d911bf31743c,champaca,flower,2026-04-11 16:03:14.607702+00
34c65003-5b3c-4efe-b892-5f69aa8d427d,junket,dairy,2026-04-11 16:03:14.607702+00
355ac7c8-0173-46c8-843d-cb033a6b3f7a,chicory,plant,2026-04-11 16:03:14.607702+00
35a63215-eda0-4d49-89f3-f03d2bc4c5a1,abalone,fungus,2026-04-11 16:03:14.607702+00
35e0d5aa-49ba-4ab7-8933-4d912bd09fe4,cottage cheese,dairy,2026-04-11 16:03:14.607702+00
35e13be5-5091-4289-a33a-a2719cedadbb,milk human,dairy,2026-04-11 16:03:14.607702+00
36151869-4a87-448a-afbf-6bc94cce6ba0,fireweed,herb,2026-04-11 16:03:14.607702+00
36194070-75a8-48a5-8710-a2febb145c30,lemon sole,fish,2026-04-11 16:03:14.607702+00
363383e4-64b8-4de8-885d-83e543de87fd,mountain yam,vegetable tuber,2026-04-11 16:03:14.607702+00
3714d340-b715-48bb-bf31-048db3d1e647,cauliflower,cabbage,2026-04-11 16:03:14.607702+00
37599379-1c12-4974-8d68-d4dc95d91afc,garfish,fish,2026-04-11 16:03:14.607702+00
382e7fb7-6638-4a8b-9882-ad59caf50f37,hazelnut,nut,2026-04-11 16:03:14.607702+00
3851eba4-732d-415a-8518-c2f61ca9a1cb,emu,meat,2026-04-11 16:03:14.607702+00
3855f239-3d32-40b0-b061-a97f4f48ce69,canadian whisky,beverage alcoholic,2026-04-11 16:03:14.607702+00
39aaedcf-e675-4bcb-90ef-d0cb7e91896d,rock ptarmigan,meat,2026-04-11 16:03:14.607702+00
39e3eedc-b96b-413f-9959-bdcb20f02bfb,madeira wine,beverage alcoholic,2026-04-11 16:03:14.607702+00
3a596ab2-3d95-47fd-afe0-c780ff848259,pine,plant,2026-04-11 16:03:14.607702+00
3a784574-3bcf-4df4-a6a9-f33c5f08e5bf,cranberry,berry,2026-04-11 16:03:14.607702+00
3a78db5d-48ce-46b9-beea-494f5f30af26,agar,additive,2026-04-11 16:03:14.607702+00
3ac7215f-976d-44f9-89e6-9ab1f062ea85,mallard duck,meat,2026-04-11 16:03:14.607702+00
3ae00ec3-ba1e-4ad0-8f6d-2d0a4387c928,dock,herb,2026-04-11 16:03:14.607702+00
3b9b9b20-07c0-4e52-b3ef-6e587195cc19,marjoram,spice,2026-04-11 16:03:14.607702+00
3ba19258-f72e-46ae-abaa-319feef0ed83,icing,additive,2026-04-11 16:03:14.607702+00
3bbde302-ff2d-4a5f-91cd-6077c4687ba4,laurel,plant,2026-04-11 16:03:14.607702+00
3ccc1770-a746-46fe-a899-e76bde22a2f7,lingonberry,berry,2026-04-11 16:03:14.607702+00
3dcd229d-5dc7-40f5-bd46-af5bb4e8293f,cluster bean,legume,2026-04-11 16:03:14.607702+00
3de90b2b-0c94-4027-bff5-37104be4bed8,coconut,fruit,2026-04-11 16:03:14.607702+00
3deef840-0924-42b4-a959-1aeee5a57f28,chinese quince,fruit,2026-04-11 16:03:14.607702+00
3e4b009a-e0ad-4880-b68d-b020c1ad6e0e,gooseberry,berry,2026-04-11 16:03:14.607702+00
3e9b8c8e-4199-4500-b642-d0adc4571a3d,bread,bakery,2026-04-11 16:03:14.607702+00
3edad94c-a12a-4754-8fd3-f5e9edb995f0,rainbow trout,fish,2026-04-11 16:03:14.607702+00
3ee513df-4dfe-467d-a2c2-f727da8c24f7,clary sage,essential oil,2026-04-11 16:03:14.607702+00
3f878123-749d-4495-ba41-8918ada09b2d,salad,dish,2026-04-11 16:03:14.607702+00
41a71c09-e45f-4971-a60c-9df39573d088,loganberry,berry,2026-04-11 16:03:14.607702+00
41bbdfda-c83a-4e70-8d9f-56637763f077,tamarind,fruit,2026-04-11 16:03:14.607702+00
41fe316f-c807-42d6-9fb3-d08aa391b8cf,bitter orange,fruit,2026-04-11 16:03:14.607702+00
422f73a5-4aa0-4ca6-b49c-741cbb38944c,olive,plant,2026-04-11 16:03:14.607702+00
4283eacd-baae-4a3f-b805-ea969f117442,rosemary,herb,2026-04-11 16:03:14.607702+00
42b5ccaa-fc4e-44a0-a364-2068fa24640a,snack bar,dish,2026-04-11 16:03:14.607702+00
43adca24-5d58-427b-a908-02cddd296c9f,feta cheese,dairy,2026-04-11 16:03:14.607702+00
43c98955-48a2-4ca0-b749-5e357e60457d,butternut,nut,2026-04-11 16:03:14.607702+00
443aecb4-384f-400b-a3ee-a768886ffc68,ceriman,plant,2026-04-11 16:03:14.607702+00
445b8eed-810f-4bd4-a476-8066cf77035b,albacore tuna,fish,2026-04-11 16:03:14.607702+00
449c706f-76e4-4219-8b9f-0fe6adcbe354,endive,vegetable,2026-04-11 16:03:14.607702+00
4509dae9-35d1-4ea8-8548-890f6689a8fa,atlantic wolffish,fish,2026-04-11 16:03:14.607702+00
452a6121-dfe6-46c4-8d19-42a7ba24b914,towel gourd,gourd,2026-04-11 16:03:14.607702+00
4537c2ca-e227-414a-8676-5f4db59dd42f,parsnip,vegetable root,2026-04-11 16:03:14.607702+00
45404a1e-2137-4925-a1ff-9b0c5ea28720,bayberry,berry,2026-04-11 16:03:14.607702+00
4560c006-1fa1-44bd-b347-d598b55d2fba,milkshake,beverage,2026-04-11 16:03:14.607702+00
4597b318-89b3-4b06-9291-e6175edc0f54,roquefort cheese,dairy,2026-04-11 16:03:14.607702+00
460b2547-6f15-4620-b456-07ecfa5c5d4b,strawberry jam,berry,2026-04-11 16:03:14.607702+00
463088b3-8144-4900-8d2d-c41601148af2,candy bar,bakery,2026-04-11 16:03:14.607702+00
46440136-2286-4805-b978-3dbdf32f7065,storax,plant derivative,2026-04-11 16:03:14.607702+00
46e02a98-51ea-47ea-bf37-d7e12291af57,banana,fruit,2026-04-11 16:03:14.607702+00
4707f4c3-73c9-4db9-bb0c-eff3f1a68135,mustard oil,plant derivative,2026-04-11 16:03:14.607702+00
4708c419-f3dd-494c-b81d-ebd3117708da,hot chocolate,beverage,2026-04-11 16:03:14.607702+00
4711561e-f98c-475e-84d0-72bf7625e1eb,apple brandy,beverage alcoholic,2026-04-11 16:03:14.607702+00
47ab300f-568c-4c45-9fd2-9bfd3d3c739b,rabbit,meat,2026-04-11 16:03:14.607702+00
4873cc2a-903a-4050-ad37-9dd2a013e5dc,frankfurter sausage,dish,2026-04-11 16:03:14.607702+00
488f0205-82e4-42a3-b4b8-f9304d484015,bagel,bakery,2026-04-11 16:03:14.607702+00
489875f7-df90-4147-a9c7-4b1fed0deb1a,sukiyaki,meat,2026-04-11 16:03:14.607702+00
489ce981-ea34-4a41-8104-939ae7213108,brussels sprout,cabbage,2026-04-11 16:03:14.607702+00
48adce58-3e7b-4eec-ad67-70048765e1c9,mate,beverage caffeinated,2026-04-11 16:03:14.607702+00
48c197d5-f802-43e1-9fb7-fe2f7687a634,cloud ear fungus,fungus,2026-04-11 16:03:14.607702+00
490f3c4d-829a-4482-804d-ae3d9351bf12,pasta,bakery,2026-04-11 16:03:14.607702+00
4930e21f-b675-4d9f-bdc1-4b150ffe646a,yellowfin tuna,fish,2026-04-11 16:03:14.607702+00
4948ef0d-9fac-4b35-94e3-72cbea8dff66,catfish,fish,2026-04-11 16:03:14.607702+00
495f8fc5-5bef-46d3-91e1-b9abad9822e1,sparkling wine,beverage alcoholic,2026-04-11 16:03:14.607702+00
49abe184-a53a-4d7d-8fa0-f6fc37d59a47,coffee,beverage caffeinated,2026-04-11 16:03:14.607702+00
49c37fc7-9ea4-41dc-90d3-4826c8202777,wild rice,cereal,2026-04-11 16:03:14.607702+00
4a0f0233-e379-43ba-9eed-9de8bcdb5996,malabar spinach,vegetable,2026-04-11 16:03:14.607702+00
4a138f63-f79e-485c-a8b1-26ccc60c0f0b,pork,meat,2026-04-11 16:03:14.607702+00
4a320247-a314-4315-b061-1a86d65b8b81,strawberry,berry,2026-04-11 16:03:14.607702+00
4a8bcb99-2ddc-4eb3-9cba-619a4826e7c9,corn oil,maize,2026-04-11 16:03:14.607702+00
4afdf0ec-7b68-43c7-89b0-37ea0e3f5aac,yautia,plant,2026-04-11 16:03:14.607702+00
4b3a4d3d-8b2e-4c6f-8aa5-eddad239bb7f,pummelo,fruit citrus,2026-04-11 16:03:14.607702+00
4b462457-ec27-4ef0-b6ff-57e889253e10,watercress,plant,2026-04-11 16:03:14.607702+00
4b549f2f-19bf-42c6-b150-5351bbef2e0c,water chestnut,fruit,2026-04-11 16:03:14.607702+00
4b79cc97-545d-4b2a-93f0-a49f0cb45197,scombridae,fish,2026-04-11 16:03:14.607702+00
4b7a6d41-9407-4c79-a687-30e557ad950e,conch,fish,2026-04-11 16:03:14.607702+00
4bf14a27-a979-4297-a72f-66c3889dd91f,anguilliformes,fish,2026-04-11 16:03:14.607702+00
4c3cb985-1b9a-41fd-8669-adfa9799fa88,bearded seal,seafood,2026-04-11 16:03:14.607702+00
4c65ab68-f456-470f-bc2c-21d9db380f16,malay apple,fruit,2026-04-11 16:03:14.607702+00
4cdb5639-5712-4704-8493-e2642839550a,jalapeno,spice,2026-04-11 16:03:14.607702+00
4d0c1101-2b63-44fb-9a0c-05b0b46fdd9f,chickpea,legume,2026-04-11 16:03:14.607702+00
4dab49dd-c430-4704-bdd3-cc6de99f0de9,haddock,fish,2026-04-11 16:03:14.607702+00
4db034f9-ec86-448e-b10c-cb6170114984,orris,essential oil,2026-04-11 16:03:14.607702+00
4e26b635-2c07-453c-b699-88e58cc562b2,millet,legume,2026-04-11 16:03:14.607702+00
4e649f48-f1e5-4758-a246-adfef52d8cd3,empanada,dish,2026-04-11 16:03:14.607702+00
4ea88695-5443-40cb-8027-33704d0a5a8b,safflower,herb,2026-04-11 16:03:14.607702+00
4ed9edfe-32ce-4570-92df-3547362bfcf5,naranjilla,fruit,2026-04-11 16:03:14.607702+00
4f9089c6-78e1-4534-a473-2a9d0cb29505,sea buckthorns,berry,2026-04-11 16:03:14.607702+00
501c3f77-5a32-4f95-a409-163e633fdec9,onion,vegetable,2026-04-11 16:03:14.607702+00
506bbc12-8665-484c-8f29-9f81fbd5a096,turnip,vegetable root,2026-04-11 16:03:14.607702+00
506c24b0-10c0-4005-9a88-a728064aff7b,kombu,seafood,2026-04-11 16:03:14.607702+00
50bb3fc4-527f-40b9-8f4f-75e8815f4b16,pancake,dish,2026-04-11 16:03:14.607702+00
50f502bb-d1c4-419f-9902-e975f9185fc5,white lupine,plant,2026-04-11 16:03:14.607702+00
51fc8173-b9b1-4362-8f8c-161b37a885a9,trail mix,dish,2026-04-11 16:03:14.607702+00
523e2585-66dc-4949-be2d-2fb8745094e4,buttermilk,dairy,2026-04-11 16:03:14.607702+00
525d2a8a-23cc-4a0a-b727-885f4f720ca8,alaska pollock,fish,2026-04-11 16:03:14.607702+00
5263f4fc-dcf0-4133-9a52-1ee8b5e9db99,miso,additive,2026-04-11 16:03:14.607702+00
5270ee7c-6051-4516-a769-0cb1b671bec9,wholewheat bread,bakery,2026-04-11 16:03:14.607702+00
52926d46-1ea6-49ee-9ede-510f19fb3f74,barley,cereal,2026-04-11 16:03:14.607702+00
52a56dec-3ec6-46cf-9e3e-7da9e9d74194,komatsuna,cabbage,2026-04-11 16:03:14.607702+00
52c6651b-0175-40ee-aefc-2b7098bae375,butternut squash,fruit,2026-04-11 16:03:14.607702+00
52d56c65-a2b7-443c-a958-5f30a864120e,chestnut,nut,2026-04-11 16:03:14.607702+00
535028e9-29c3-46fb-9647-5e0039cf0035,vegetarian food,dish,2026-04-11 16:03:14.607702+00
535c53d3-4c4f-4807-9689-6b41c45639df,chive,vegetable,2026-04-11 16:03:14.607702+00
53770f0b-9731-40ac-82f5-6616d5b05b05,zwieback,dish,2026-04-11 16:03:14.607702+00
545863de-82fc-4873-8392-229b61a221fe,rice bread,bakery,2026-04-11 16:03:14.607702+00
5488fa5d-8505-4fea-af13-14a6eec8aa3e,topping,additive,2026-04-11 16:03:14.607702+00
54bba95d-b70b-4654-8e6c-4b0ea58506a5,pepper c. baccatum,vegetable,2026-04-11 16:03:14.607702+00
550ab926-5fac-4db0-99ca-310715748e8c,citronella,essential oil,2026-04-11 16:03:14.607702+00
55e67a05-7a55-4d99-9a6d-7b13d8430fdb,pistachio,nut,2026-04-11 16:03:14.607702+00
5690dafe-81c3-4da5-9cca-ac69ef6295aa,quince,fruit,2026-04-11 16:03:14.607702+00
5695e38f-478d-4565-abec-afb8413fc04a,common carp,fish,2026-04-11 16:03:14.607702+00
56f5cb2b-e6ba-4956-9770-fc1d38396c18,green tea,beverage caffeinated,2026-04-11 16:03:14.607702+00
5733336f-b32a-472e-858f-3ccd764b0eea,roselle,herb,2026-04-11 16:03:14.607702+00
573fb6c1-dee3-4228-b74e-e10c3e52035e,goat milk,dairy,2026-04-11 16:03:14.607702+00
57793b41-4745-48c2-bc9a-1c0dc85e4cdb,fenugreek,herb,2026-04-11 16:03:14.607702+00
5784163c-35c7-4532-981b-e16910a7266e,breadnut tree seed,plant derivative,2026-04-11 16:03:14.607702+00
579097aa-02e1-4a34-afb7-71ee6ba8b6ae,mollusc,seafood,2026-04-11 16:03:14.607702+00
579c5ce7-6eb8-47c2-8cfb-1eb732100945,natto,dish,2026-04-11 16:03:14.607702+00
57e7b777-557e-4351-bb0b-661a34966da5,chocolate mousse,bakery,2026-04-11 16:03:14.607702+00
57fb3c9c-a5d0-4848-8521-e5a77c955b47,yellow zucchini,vegetable,2026-04-11 16:03:14.607702+00
58223117-26f2-4085-944b-228e82469abe,lambsquarters,plant,2026-04-11 16:03:14.607702+00
583b3385-6387-4797-9c88-344e963143c9,casein,additive,2026-04-11 16:03:14.607702+00
585778f4-90d0-4849-9fc8-8c8a787f607b,king mackerel,fish,2026-04-11 16:03:14.607702+00
586a9eac-7f52-4ca9-9a76-88179bc1d84a,spineless monkey orange,fruit,2026-04-11 16:03:14.607702+00
58a77009-a525-4cf1-8be4-0b315dc6004a,hedge mustard,cabbage,2026-04-11 16:03:14.607702+00
58b84871-fe5f-4375-931e-eb3c6ce68684,spanish sage,essential oil,2026-04-11 16:03:14.607702+00
59533ab6-fe57-415d-96ef-4de9cc629562,garland chrysanthemum,flower,2026-04-11 16:03:14.607702+00
59c112b9-be43-4ff6-b568-5a3616abd69e,weinbrand brandy,beverage alcoholic,2026-04-11 16:03:14.607702+00
59d01426-0840-43fa-a3f2-d99409f2bd3b,woodapple,fruit,2026-04-11 16:03:14.607702+00
59d5f0ee-c785-4917-b19a-8bfeef9f5548,cornmint,herb,2026-04-11 16:03:14.607702+00
59e45daf-46aa-4932-a69f-2595f265a139,cucumber,gourd,2026-04-11 16:03:14.607702+00
5a293f2e-5cfa-483a-bc79-bcbbb424360c,other dish,dish,2026-04-11 16:03:14.607702+00
5a2ece79-73b3-4a49-835b-9a1a8e838960,tree fern,plant,2026-04-11 16:03:14.607702+00
5a52bb27-ed80-4a57-a194-3f6369014a0d,ostrich fern,plant,2026-04-11 16:03:14.607702+00
5a6eb807-ed93-4c75-a21b-1f5058bb038e,munster cheese,dairy,2026-04-11 16:03:14.607702+00
5a78bcdf-9791-4f1f-b741-275e9932c651,monkfish,fish,2026-04-11 16:03:14.607702+00
5a8bc0c0-e38f-41f7-bd5a-d87747caaa4e,spirit,beverage alcoholic,2026-04-11 16:03:14.607702+00
5acc087e-e0f0-45bb-b508-cdeeddf65196,snapper,fish,2026-04-11 16:03:14.607702+00
5adecb93-cf29-4ca8-b279-a229491af506,plumcot,fruit,2026-04-11 16:03:14.607702+00
5afaaedd-20e9-46dd-82a2-eb8d2a533e6a,bowhead whale,fish,2026-04-11 16:03:14.607702+00
5b0198fd-80b6-4019-a7a9-a9f10623c250,whisky,beverage alcoholic,2026-04-11 16:03:14.607702+00
5b9844be-a6b1-4ab4-97d6-e60aa381f8b7,swamp cabbage,cabbage,2026-04-11 16:03:14.607702+00
5c1c91c1-a028-4700-b8de-627d08e7405b,orange,fruit,2026-04-11 16:03:14.607702+00
5c5ab960-3328-407b-8aa3-a34d1b93f0e1,elderberry,fruit-berry,2026-04-11 16:03:14.607702+00
5c5e05ec-9b1a-4962-bb13-d032a89cffdb,yellow pond lily,plant,2026-04-11 16:03:14.607702+00
5d4031f8-df8c-46c4-86b8-c630ed618672,champagne,beverage alcoholic,2026-04-11 16:03:14.607702+00
5d5b7b94-c787-4686-a0dd-793816bbb905,hogplum,fruit,2026-04-11 16:03:14.607702+00
5e19a824-9945-40c4-8477-6550a1332b4c,kewda,essential oil,2026-04-11 16:03:14.607702+00
5e64b79d-c35d-495e-827b-e1a61a6eb308,shrimp,seafood,2026-04-11 16:03:14.607702+00
5eca6c0e-d45d-4234-9eac-e9ecc8888de8,dates,fruit,2026-04-11 16:03:14.607702+00
5ecbbdd8-1e9b-4171-b045-9740aa8f367b,rice,cereal,2026-04-11 16:03:14.607702+00
5efbfffa-3579-4c65-98c1-7480f0746156,tangerine,fruit citrus,2026-04-11 16:03:14.607702+00
5f048858-b489-4c78-92cc-b8954fca9e4a,spiny dogfish,fish,2026-04-11 16:03:14.607702+00
5f0ab4f0-c3e6-4011-94f1-1a4702aaf1b0,other sandwich,dish,2026-04-11 16:03:14.607702+00
5f454ef8-c313-4d8b-9735-ef6c16fe70c6,limburger cheese,dairy,2026-04-11 16:03:14.607702+00
5f6636f5-414e-4edd-aadb-102c05b0e523,tortilla chip,bakery,2026-04-11 16:03:14.607702+00
5faead66-abe3-4b60-9628-32dbe2b004ae,achilleas,essential oil,2026-04-11 16:03:14.607702+00
5fb37c43-635f-40b2-a74d-85c2b1923fed,bantu beer,beverage alcoholic,2026-04-11 16:03:14.607702+00
5fc81531-c0a2-4cf0-9ec2-562d87a7d425,carrot,vegetable root,2026-04-11 16:03:14.607702+00
5fcf8a8c-2870-460a-9555-23441c493e49,multigrain bread,bakery,2026-04-11 16:03:14.607702+00
600af4f9-70a7-427d-8005-099652fe09f4,malabar plum,fruit,2026-04-11 16:03:14.607702+00
60411d97-b101-465e-bca7-db6e40a3d6f1,red wine,beverage alcoholic,2026-04-11 16:03:14.607702+00
606844d2-da49-4065-9739-2c9de9c904a7,beaver,meat,2026-04-11 16:03:14.607702+00
607afc21-074e-4645-b09f-e5dd2ef71e93,dandelion,flower,2026-04-11 16:03:14.607702+00
607bb891-85a2-4590-a222-8f54e6665122,chewing gum,dish,2026-04-11 16:03:14.607702+00
60813b04-5274-4437-abda-8963a03c751e,whelk,seafood,2026-04-11 16:03:14.607702+00
60b73c26-1b6e-4aa0-8a74-5ab397a1238c,european chestnut,nut,2026-04-11 16:03:14.607702+00
60d43508-191d-42fb-b097-6f7eb0020d6f,curry leaf,herb,2026-04-11 16:03:14.607702+00
60d826c7-517d-403b-9d3b-697ce3693d6a,pear,fruit,2026-04-11 16:03:14.607702+00
60e4bb74-d84e-4d16-bba2-18231c6d5240,starfruit,fruit,2026-04-11 16:03:14.607702+00
611adfa9-61a2-4e0d-8fba-1d651f21e387,milkfish,fish,2026-04-11 16:03:14.607702+00
6129a2d1-4c18-455c-a361-fbfedf1097c5,true seal,seafood,2026-04-11 16:03:14.607702+00
613d6bc5-f599-4838-b02a-13a2f24b61c1,arepa,dish,2026-04-11 16:03:14.607702+00
61d59da5-847a-430a-97b6-e0b5a081675a,abiyuch,plant,2026-04-11 16:03:14.607702+00
61e26a8a-28e5-4c5e-a5c5-610d7a137b99,other fish product,fish,2026-04-11 16:03:14.607702+00
62212723-c70d-4f09-9a65-902e9665ab02,gefilte fish,dish,2026-04-11 16:03:14.607702+00
626cd12f-0e25-46c2-92f8-945c24a3ee98,sheep cheese,dairy,2026-04-11 16:03:14.607702+00
629f2958-7162-4fe1-87b1-d40033caca65,citrus fruits,fruit citrus,2026-04-11 16:03:14.607702+00
62ca3c94-55c3-4050-8bfd-f4a4c0edef11,creosote,plant derivative,2026-04-11 16:03:14.607702+00
62e9a162-2215-4989-9867-678bfc406dc2,other cheeses,dairy,2026-04-11 16:03:14.607702+00
632f5afa-421a-4b02-9927-de5feabc2bc4,tilefish,fish,2026-04-11 16:03:14.607702+00
638420fc-c806-4752-bddb-3353033efa54,pastry,dish,2026-04-11 16:03:14.607702+00
63cff426-3237-45d6-92e7-796776fcb0d8,adzuki bean,legume,2026-04-11 16:03:14.607702+00
644f9af1-7120-44ff-85c7-d06ac7b27284,milk,dairy,2026-04-11 16:03:14.607702+00
645fca2f-b1d0-4c66-8233-e142537b1ccd,basil,herb,2026-04-11 16:03:14.607702+00
649518ee-3a7c-45a7-a356-6ae909c78799,red raspberry,berry,2026-04-11 16:03:14.607702+00
6544e411-c6df-44a3-9434-819727226dda,crispbread,cereal,2026-04-11 16:03:14.607702+00
65898886-50b2-481f-954c-3e095741762c,dragée,dish,2026-04-11 16:03:14.607702+00
65ac3310-fab1-4d76-8f75-41ce9adb6237,shortening,additive,2026-04-11 16:03:14.607702+00
6686f639-c89e-4574-a40c-2aa2cf514b67,salt,additive,2026-04-11 16:03:14.607702+00
66946174-02df-4828-8205-932a8f15f25b,chocolate spread,plant derivative,2026-04-11 16:03:14.607702+00
66a29f74-f3da-48f8-a64a-0f484ea4b50b,cajeput,essential oil,2026-04-11 16:03:14.607702+00
66f4f286-9521-4f9c-9315-fa0d98571aa4,beer,beverage alcoholic,2026-04-11 16:03:14.607702+00
67459d2e-46ad-49f5-9a90-959bdd626102,taco,dish,2026-04-11 16:03:14.607702+00
676026f3-25f1-49f3-98e5-07953294dac5,potato,vegetable tuber,2026-04-11 16:03:14.607702+00
67bc6e68-4602-4c36-9ba7-a8fdec097b87,dolphin fish,fish,2026-04-11 16:03:14.607702+00
67f2ce9d-d039-40db-b20a-56b60a554563,sour cherry,berry,2026-04-11 16:03:14.607702+00
67f485bb-d491-48a4-ba56-a4aa1c682d72,liqourice,herb,2026-04-11 16:03:14.607702+00
6858e80f-c767-4aab-a39c-6749b5898846,roseapple,fruit,2026-04-11 16:03:14.607702+00
6864fae1-5f3b-4bfd-81b4-992c3d7cd1c3,cocoa powder,plant derivative,2026-04-11 16:03:14.607702+00
69136cd8-385a-4975-a5f9-4b2f81beae65,corn,maize,2026-04-11 16:03:14.607702+00
693aa8f4-02f3-460e-838f-dc76e1a18de2,fruit preserve,additive,2026-04-11 16:03:14.607702+00
6946f251-9d8e-44b1-b314-2ac633fe8c90,taro,vegetable tuber,2026-04-11 16:03:14.607702+00
6991d4f3-0272-4065-a838-bcdce90eb8ba,rowal,plant,2026-04-11 16:03:14.607702+00
69d43e3a-4b3f-4f33-a31b-a3e848bfcfd8,tapioca pearl,vegetable tuber,2026-04-11 16:03:14.607702+00
69e386a6-0d16-4982-a413-22ac68a78bae,lime peel oil,essential oil,2026-04-11 16:03:14.607702+00
6a2aca68-0a46-45ba-ab29-f1ac7aeb3f95,pineappple sage,herb,2026-04-11 16:03:14.607702+00
6a3e1cbe-b9a4-4924-a637-a86a277c10c3,alaska blackfish,fish,2026-04-11 16:03:14.607702+00
6a7e0c61-0faa-4abe-85f0-372fa2128fb5,sake,beverage alcoholic,2026-04-11 16:03:14.607702+00
6ac77cb9-90e7-428c-9317-259da36daa05,jew's ear,fungus,2026-04-11 16:03:14.607702+00
6b199320-07f7-4699-b8d2-06650d40ddbb,kale,cabbage,2026-04-11 16:03:14.607702+00
6b2bdd47-284a-47bd-8590-36a72d26cf1b,rice cake,dish,2026-04-11 16:03:14.607702+00
6b7fe5fd-b054-4f96-b942-7cfffc233229,kidney beans,legume,2026-04-11 16:03:14.607702+00
6b8a86dd-c993-4d65-a71b-d8d263f8884e,satsuma orange,fruit citrus,2026-04-11 16:03:14.607702+00
6bde902c-a474-42ae-ba03-77d0f85abb77,prairie turnip,cabbage,2026-04-11 16:03:14.607702+00
6be6299f-24af-45ae-8162-d2deb7642a71,saskatoon berry,berry,2026-04-11 16:03:14.607702+00
6cc57186-0eb0-4060-8d28-4c12d2136edd,wine,beverage alcoholic,2026-04-11 16:03:14.607702+00
6cc767bc-abd6-42cb-888e-1a7c4c0e3f94,beef,meat,2026-04-11 16:03:14.607702+00
6cde23fd-669c-4b64-8dd8-d30a9ca5fd26,ucuhuba,plant,2026-04-11 16:03:14.607702+00
6d0c68a1-6b68-432a-a9f8-2103b9d1614a,energy drink,beverage,2026-04-11 16:03:14.607702+00
6da49f4c-bfc1-464f-baf5-a73c8f9428b9,hops oil,essential oil,2026-04-11 16:03:14.607702+00
6db3ef70-b32a-4010-a813-1abeceb91274,grass,essential oil,2026-04-11 16:03:14.607702+00
6dce2407-1f99-4c3f-8789-97361d69cc84,cocktail,beverage,2026-04-11 16:03:14.607702+00
6dfd724f-97a6-4766-b613-e1025a01e6ea,guava,fruit,2026-04-11 16:03:14.607702+00
6e01dc12-eece-4690-88e2-2fa9ab904ec3,lima beans,legume,2026-04-11 16:03:14.607702+00
6e4ea8b4-3beb-47e9-88d1-6ff5938e9c50,succotash,dish,2026-04-11 16:03:14.607702+00
6e63b879-50b6-45ce-93ce-7ff18f3decf4,jackfruit,fruit,2026-04-11 16:03:14.607702+00
6e888d5e-1ce3-41ae-a80b-2b373fb618b9,jute,plant derivative,2026-04-11 16:03:14.607702+00
6f146c20-3af9-43e8-9da8-824f889d3a47,port wine,beverage alcoholic,2026-04-11 16:03:14.607702+00
6f6104d0-0b57-47c4-b3bd-20d9aa0650e6,plum brandy,beverage alcoholic,2026-04-11 16:03:14.607702+00
6f71bf80-5973-4ac6-97e7-a3c075d19359,squirrel,meat,2026-04-11 16:03:14.607702+00
6fbb03fd-0aac-45de-95ee-c5a75de359b9,fruit juice,beverage,2026-04-11 16:03:14.607702+00
6fefa6c2-5076-4bbe-90f2-b5802f9e06f3,oyster mushroom,fungus,2026-04-11 16:03:14.607702+00
700fb4b7-017b-4f54-bfde-5fefd001c19d,bison,meat,2026-04-11 16:03:14.607702+00
7069127f-a087-4537-be5c-51fc0b41f173,chum salmon,fish,2026-04-11 16:03:14.607702+00
707053b2-66c0-4830-b72c-a936007554a5,rum,beverage alcoholic,2026-04-11 16:03:14.607702+00
70c01fa4-227c-4918-86b4-f3a0a751d90a,semolina,cereal,2026-04-11 16:03:14.607702+00
711e5be8-99ed-42d0-bec6-c9013f8086f6,jerusalem artichoke,vegetable tuber,2026-04-11 16:03:14.607702+00
71809baa-3a9a-4b08-9652-615ecc2ea2e4,ymer,dairy,2026-04-11 16:03:14.607702+00
718e2abc-7313-4442-b657-d6984b95b1f6,morchella,fungus,2026-04-11 16:03:14.607702+00
71947ec6-472d-419b-a1fe-3991091f2da8,nigella seed,seed,2026-04-11 16:03:14.607702+00
71dc2179-11ca-4ce2-b89e-d43d6e703e48,anise hyssop,spice,2026-04-11 16:03:14.607702+00
7201a426-5e27-4dae-88f7-71b715bb8842,tortilla,dish,2026-04-11 16:03:14.607702+00
72990d4c-12e1-4a57-8251-4cfa11fa34db,saffron,spice,2026-04-11 16:03:14.607702+00
72bc180c-8990-4208-9a7f-2fa40b3fb4bb,hushpuppy,dish,2026-04-11 16:03:14.607702+00
73397692-d037-41d7-86ca-dc4e6959df87,sockeye salmon,fish,2026-04-11 16:03:14.607702+00
734118c2-12fa-4549-b8fd-9879cf324387,kai lan,cabbage,2026-04-11 16:03:14.607702+00
73587f18-459f-40b4-8d23-85e41a29908a,molasses,additive,2026-04-11 16:03:14.607702+00
73ac107e-0328-4c31-977c-b96dd8c6a8de,welsh onion,vegetable,2026-04-11 16:03:14.607702+00
73c01f51-5343-46b5-a988-f53564c21dc4,elk,meat,2026-04-11 16:03:14.607702+00
73e120b0-7318-4ee5-b3ef-764b7466cbd4,pectin,additive,2026-04-11 16:03:14.607702+00
73efbc91-d42e-4451-a22e-7d8a58112338,loquat,fruit,2026-04-11 16:03:14.607702+00
747cbbcf-5632-4117-ac92-d3a1ff4456d8,cucurbita,gourd,2026-04-11 16:03:14.607702+00
751b9bfa-7e68-4bec-8c76-75efba8cd688,lamb,meat,2026-04-11 16:03:14.607702+00
75621ea4-3786-41f6-bc6e-2fc85d95df98,alfalfa,herb,2026-04-11 16:03:14.607702+00
75e498e1-d19b-4989-aa48-1b2aaad9089d,mung bean,legume,2026-04-11 16:03:14.607702+00
7622508a-e960-4a97-8f8c-8a14f9ca8cb2,beluga whale,fish,2026-04-11 16:03:14.607702+00
762f23ef-e8db-4e26-8952-97b0b7f88b56,emmental cheese,dairy,2026-04-11 16:03:14.607702+00
7661ae7d-09aa-43b6-b9de-fa4a5a275095,chayote,gourd,2026-04-11 16:03:14.607702+00
768a4c84-249c-4709-9b4e-61966465dd69,red algae,seafood,2026-04-11 16:03:14.607702+00
769be80d-0ac8-4693-809d-3d6c52541857,flaxseed,seed,2026-04-11 16:03:14.607702+00
76a7d54e-451c-4ee2-a801-587435105f8f,babaco,fruit,2026-04-11 16:03:14.607702+00
7748ee05-6a3a-484b-ac17-54f036b721b7,lake trout,fish,2026-04-11 16:03:14.607702+00
777c0f03-292f-41f8-a5ef-bc780362a3e6,dulce de leche,dairy,2026-04-11 16:03:14.607702+00
77e0f398-c420-4ecb-81e8-4b21ee3a6280,grouper,fish,2026-04-11 16:03:14.607702+00
77ef5939-9c32-41f5-bc8c-b70d94f0c21f,chicken,meat,2026-04-11 16:03:14.607702+00
7828d11f-f39a-4cdd-85af-86aeaa7c33c8,tartary buckwheat,cereal,2026-04-11 16:03:14.607702+00
782ea5ea-d2e3-4e7b-8dc1-bf08a0251998,shellfish,seafood,2026-04-11 16:03:14.607702+00
7844eebf-61bd-4147-ad27-6983fc402e01,arrack,beverage alcoholic,2026-04-11 16:03:14.607702+00
784d78bd-ada2-4cd6-a3fa-de103ba0544c,greenthread tea,beverage,2026-04-11 16:03:14.607702+00
78be066f-f87d-4a04-8c9a-169eeb57a402,black crowberry,berry,2026-04-11 16:03:14.607702+00
78faa98b-8548-42f8-97ec-5432f6b2d036,green beans,vegetable,2026-04-11 16:03:14.607702+00
793e5470-135d-4a15-83d1-749f28b2bc56,jostaberry,berry,2026-04-11 16:03:14.607702+00
79869463-236d-4d54-8f7e-3aeb0dc54b06,carp bream,fish,2026-04-11 16:03:14.607702+00
798a91c7-89f6-4ef8-ae78-ac78753fab15,water,additive,2026-04-11 16:03:14.607702+00
7995f384-c36c-4a03-a2b6-1ff74d5a3f1a,kiwifruit,fruit,2026-04-11 16:03:14.607702+00
79ef33bb-81d4-45a1-a9f4-f03e944a9246,mammee apple,fruit,2026-04-11 16:03:14.607702+00
7a0adafd-7950-4f32-8c77-f301b6d32774,atlantic salmon,fish,2026-04-11 16:03:14.607702+00
7a43cbcd-8e6a-479d-a73c-a43917997203,grapefruit,fruit citrus,2026-04-11 16:03:14.607702+00
7a934825-5668-4a22-804e-01fd3add6518,falafel,dish,2026-04-11 16:03:14.607702+00
7b09d50f-4f27-452b-9888-c364e6fc1bca,hot dog,dish,2026-04-11 16:03:14.607702+00
7b4c3f89-1a91-4e9f-85b7-72d302fbbac4,shark,fish,2026-04-11 16:03:14.607702+00
7b697a36-5c69-4ffd-80c7-ff47dbb9b626,green zucchini,vegetable,2026-04-11 16:03:14.607702+00
7b6f1023-92ca-4fcb-8a09-f7b8ed5fce0d,currant,fruit,2026-04-11 16:03:14.607702+00
7bdbaccb-92e7-4efc-a846-51dce5036105,artemisia,herb,2026-04-11 16:03:14.607702+00
7be03545-3443-4e61-8ede-1c9052cfbb7c,sausage,dish,2026-04-11 16:03:14.607702+00
7bfa3f36-426b-4804-8ed1-a4f27b26a35b,raisin bread,bakery,2026-04-11 16:03:14.607702+00
7c3b73d4-6f06-445f-bed1-a0254547b21f,ice cream,dish,2026-04-11 16:03:14.607702+00
7c5b2170-ff83-4e78-bc3f-c72de06d56fd,raspberry brandy,beverage alcoholic,2026-04-11 16:03:14.607702+00
7cdc59c7-2569-4811-8438-1641b42f2639,pumpkin,fruit,2026-04-11 16:03:14.607702+00
7d2b390b-f394-48fa-8705-66777e0d3a6e,sesame,seed,2026-04-11 16:03:14.607702+00
7e71449f-d6ee-44f2-9eb2-adfd12c99b7c,wheat,cereal,2026-04-11 16:03:14.607702+00
7ecf7c10-745b-4e0a-b430-70ff4ee939b0,walrus,seafood,2026-04-11 16:03:14.607702+00
7f1713c7-0b4b-4091-a72d-e8dff43060cc,mountain hare,meat,2026-04-11 16:03:14.607702+00
7f35e5d2-d7e5-47b2-b4e6-3c4a3eaa440e,vegetable juice,beverage,2026-04-11 16:03:14.607702+00
7f8039c5-1ff8-4a17-aace-39b81c2dd50a,bivalvia,seafood,2026-04-11 16:03:14.607702+00
7f81ca7e-a122-4d6f-9ed7-7f66443439d0,crayfish,seafood,2026-04-11 16:03:14.607702+00
7faa3eae-6fdd-4be4-a4b5-dc429eb3b9be,other bread product,bakery,2026-04-11 16:03:14.607702+00
8045b701-719d-4cbb-8f26-24c0bebe089b,prawn,seafood,2026-04-11 16:03:14.607702+00
804dc2d3-99c1-4664-8003-2bca332e7ac7,arrowhead,vegetable tuber,2026-04-11 16:03:14.607702+00
8056add4-ca96-4b3a-ba63-40a746cfc3f8,pink salmon,fish,2026-04-11 16:03:14.607702+00
8072fd21-0c25-46b0-a78e-3964f4354b6a,apple,fruit,2026-04-11 16:03:14.607702+00
808de8a4-b64b-422c-8c0f-e8183de4eca4,burbot,fish,2026-04-11 16:03:14.607702+00
809a997d-e120-4818-b205-572d67048763,finnish whisky,beverage alcoholic,2026-04-11 16:03:14.607702+00
80b80655-7e3c-4eb7-b292-06db78082633,lean fish,fish,2026-04-11 16:03:14.607702+00
80e9dbd5-b645-4f7e-a2b4-e748b8529574,cream cheese,dairy,2026-04-11 16:03:14.607702+00
80f24f56-eeaf-4f6d-a3da-af3803dce5b5,devilfish,fish,2026-04-11 16:03:14.607702+00
813c83d5-4f23-417a-bd14-34a713ed7f60,northern pike,fish,2026-04-11 16:03:14.607702+00
818bdfac-e47f-4993-81fc-f76b7381dbc1,star anise,spice,2026-04-11 16:03:14.607702+00
81a35e24-df29-4aae-8950-2678df26e6bd,soybean sauce,plant derivative,2026-04-11 16:03:14.607702+00
81bfd397-16f8-428a-a742-7c31ca1374b0,breakfast sandwich,dish,2026-04-11 16:03:14.607702+00
81d531ab-2c42-415e-be5a-9b07d426a4dd,deerberry,berry,2026-04-11 16:03:14.607702+00
827db955-f558-49fd-800a-635cbcf399a8,peanut oil,plant derivative,2026-04-11 16:03:14.607702+00
8284f590-828f-4e02-9a7a-fd0c8af87040,yellow passionfruit,fruit,2026-04-11 16:03:14.607702+00
82856d40-9508-48e6-bf50-cacdba29fd51,biscuit,bakery,2026-04-11 16:03:14.607702+00
82a4d83a-9fe6-464c-abc3-6c784e867f0a,cupuau,fruit,2026-04-11 16:03:14.607702+00
833cbc65-0fa7-4c95-8ed3-2a789aeb89b1,rose wine,beverage alcoholic,2026-04-11 16:03:14.607702+00
8461ae2c-b1d2-4ca3-8a7d-9ca1d6af2546,amaranth,herb,2026-04-11 16:03:14.607702+00
84960334-6871-4c4c-84ee-bbbc88f67d34,lavendar,flower,2026-04-11 16:03:14.607702+00
84a6233a-e935-4f01-997e-82f6411b115b,white wine,beverage alcoholic,2026-04-11 16:03:14.607702+00
854bd011-3e31-4bf5-8a88-0f004d4eb478,allium,plant,2026-04-11 16:03:14.607702+00
858b02b4-450f-467f-a995-cc21a482b8b7,tofu,plant derivative,2026-04-11 16:03:14.607702+00
85afe53a-b8e6-43a1-9fad-df7a11607b01,rambutan,fruit,2026-04-11 16:03:14.607702+00
85cccf56-5670-46ca-8732-5afbc0a4c394,northern bluefin tuna,fish,2026-04-11 16:03:14.607702+00
85d22e02-6523-4cb3-a371-3d6ac564f3ea,scarlet bean,legume,2026-04-11 16:03:14.607702+00
862d1947-19d5-4507-bf6e-d3c477627d56,shea tree,plant,2026-04-11 16:03:14.607702+00
866f6246-37b5-487b-a28b-73bfea51be3d,scallop,seafood,2026-04-11 16:03:14.607702+00
867623b8-8672-4bb7-a9ee-15baaa16b40a,tarragon,herb,2026-04-11 16:03:14.607702+00
86b1cb40-3809-4194-ac11-d2a0cbeef15b,beefalo,meat,2026-04-11 16:03:14.607702+00
86ecc776-000b-4334-82c0-a7e82de771af,tinda,gourd,2026-04-11 16:03:14.607702+00
86fe30cc-a3ac-44f1-8444-a40335dc435f,fennel,herb,2026-04-11 16:03:14.607702+00
885481b1-6ecf-4b32-910e-70df9c52c4cb,spot croaker,fish,2026-04-11 16:03:14.607702+00
8885fc6c-314e-4689-bf80-2b73465c45b6,horned melon,fruit,2026-04-11 16:03:14.607702+00
88d432a2-ead7-426b-a607-94a1ef9d954f,squashberry,berry,2026-04-11 16:03:14.607702+00
89454dbe-424d-4b8f-a035-feb895ebfa30,cheese,dairy,2026-04-11 16:03:14.607702+00
898ce5d5-6301-44f5-8369-36f7df0f2539,ginger,spice,2026-04-11 16:03:14.607702+00
8997d8af-48f0-4ee2-bb63-d7171d30f10b,broad whitefish,fish,2026-04-11 16:03:14.607702+00
89d7e655-ba9d-4d12-a293-bb91b9bf3eb4,boysenberry,berry,2026-04-11 16:03:14.607702+00
89f97482-3583-4749-9b99-413209faa908,sunflower,flower,2026-04-11 16:03:14.607702+00
8a0ae1f8-e3c8-4dd8-87d7-21d541ad8903,plum wine,beverage alcoholic,2026-04-11 16:03:14.607702+00
8aa0b22f-f724-44df-bef0-9ba48d568127,meatloaf,dish,2026-04-11 16:03:14.607702+00
8ab9130b-63d8-4570-b0a5-cef464a06685,apricot,fruit,2026-04-11 16:03:14.607702+00
8ad1e190-5068-4093-961d-e15c68823659,salad dressing,dish,2026-04-11 16:03:14.607702+00
8b5c40d5-d290-4f47-af11-639181ac2fe0,camphor,essential oil,2026-04-11 16:03:14.607702+00
8b6c470c-771e-49d6-8d6f-dd16fef89dbe,nutritional drink,beverage,2026-04-11 16:03:14.607702+00
8ba7d138-b4e2-4257-b05b-02be2166a8a0,sugar,additive,2026-04-11 16:03:14.607702+00
8bb06b1f-6491-4647-8823-5dddb2f98f96,ringed seal,seafood,2026-04-11 16:03:14.607702+00
8bc39350-2178-44c1-a6f2-697b72c5ed50,butter,dairy,2026-04-11 16:03:14.607702+00
8c08f789-63fc-4db4-8323-72f9946cd895,condensed milk,dairy,2026-04-11 16:03:14.607702+00
8d288e2b-ca76-4401-bc7d-d74b516e3fe4,allspice,spice,2026-04-11 16:03:14.607702+00
8d44148a-c9b2-43f8-a06a-67a3f2e78b56,mastic gum,essential oil,2026-04-11 16:03:14.607702+00
8d9e5a19-ee81-42eb-b260-c085db988262,freshwater drum,fish,2026-04-11 16:03:14.607702+00
8dbfb276-2abb-45e1-ab7f-c15701d0fc34,perciformes,fish,2026-04-11 16:03:14.607702+00
8e01d5da-562b-41eb-9204-cc63dd74bf37,nuts,nut,2026-04-11 16:03:14.607702+00
8e0413b0-eae2-4e2e-a0a0-5c3f62d4910b,potato bread,bakery,2026-04-11 16:03:14.607702+00
8e4a6442-2a97-4082-8888-0c2a189504ac,yardlong bean,legume,2026-04-11 16:03:14.607702+00
8ec7745e-f7d1-4126-8e25-2a492c9b93cc,japanese whisky,beverage alcoholic,2026-04-11 16:03:14.607702+00
8ef7204d-3120-4379-b9e2-5377b24ad10e,garden cress,herb,2026-04-11 16:03:14.607702+00
8f2db641-981c-440d-abb8-987ed716106d,salmonberry,berry,2026-04-11 16:03:14.607702+00
8fa83aa9-bd75-4d3a-8252-f42967b37cc4,orange oil,essential oil,2026-04-11 16:03:14.607702+00
90448a4d-4ee0-4269-92b7-2ffc3dde9268,capers,herb,2026-04-11 16:03:14.607702+00
906c685e-f415-4096-aeb8-58eafbd99bd1,cherimoya,fruit,2026-04-11 16:03:14.607702+00
911fbfdb-a43f-4202-8f37-57b6e4df4115,gelatin,additive,2026-04-11 16:03:14.607702+00
9126fab3-b2fb-4bf8-9a57-bb999c6798df,chocolate,plant derivative,2026-04-11 16:03:14.607702+00
92c44450-52f3-4885-b561-948a314f91f0,grapefruit peel oil,essential oil,2026-04-11 16:03:14.607702+00
93191343-cc4d-4fd7-a491-63924b5852cd,kenaf,essential oil,2026-04-11 16:03:14.607702+00
933698c4-e0ff-4dc1-b70b-febc96100638,pollock,fish,2026-04-11 16:03:14.607702+00
938cd83c-bce8-49f7-82ea-b60fa372a379,meat,meat,2026-04-11 16:03:14.607702+00
939ad07c-fa16-4da5-bb41-fdd6227067c8,rose,flower,2026-04-11 16:03:14.607702+00
93a722ae-4cab-43ff-8870-b5120d8db495,lupine,plant,2026-04-11 16:03:14.607702+00
942ab66b-f749-4373-a66d-783ecff21b23,epazote,herb,2026-04-11 16:03:14.607702+00
948309c1-a023-4f26-abbf-ac314e7e1ecc,sage,herb,2026-04-11 16:03:14.607702+00
948d3296-2e6e-467f-8a09-ff6849eff91e,grape,fruit,2026-04-11 16:03:14.607702+00
94f43cb2-e6ce-4527-8707-c5afcbd8c35d,gram bean,legume,2026-04-11 16:03:14.607702+00
957f9007-54e7-4777-aeb8-4f1605de056f,margarine,additive,2026-04-11 16:03:14.607702+00
95854da5-93bd-43a5-a2d5-c51bef237991,byrsonima crassifolia,fruit,2026-04-11 16:03:14.607702+00
95894025-a4b1-4e7e-afd7-b24e1e2847a2,hyacinth bean,legume,2026-04-11 16:03:14.607702+00
960e66e5-4c0e-4eb2-8403-d813e0debd55,pitanga,berry,2026-04-11 16:03:14.607702+00
96227bfd-c399-4f79-8051-f082216c6ebe,florida pompano,fish,2026-04-11 16:03:14.607702+00
9681d6a1-902f-41a2-8ca5-299f90553040,atlantic pollock,fish,2026-04-11 16:03:14.607702+00
968aa509-32c0-4fe0-bede-87bea180e282,cherry,berry,2026-04-11 16:03:14.607702+00
9690da48-90ef-44a0-b73b-f56b11d53bb3,ostrich,meat,2026-04-11 16:03:14.607702+00
96b52623-f57b-463e-835d-4b7b02f03a32,lotus,essential oil,2026-04-11 16:03:14.607702+00
96cddbb1-8d71-4eed-937d-140aac5f1b86,quesadilla,dish,2026-04-11 16:03:14.607702+00
971f7f0c-d7d4-41b4-a952-4afabfa72bf0,kefir,dairy,2026-04-11 16:03:14.607702+00
9722c9ac-8e79-4ab7-96d7-ba2bd167fee4,asafoetida,spice,2026-04-11 16:03:14.607702+00
97907871-18f8-44ed-aa3f-e48009b33b25,oil-seed camellia,plant,2026-04-11 16:03:14.607702+00
98eddd09-45bb-41a7-ad0e-a2e2a19f7df2,eucalyptus,essential oil,2026-04-11 16:03:14.607702+00
99042d74-4e5e-498c-9032-21b134e1fb04,scup,fish,2026-04-11 16:03:14.607702+00
995695da-869d-4713-9147-70dfb33e19bd,mandarin orange,fruit citrus,2026-04-11 16:03:14.607702+00
99d065a1-6802-4b62-91ca-1986ec52c045,white currant,fruit,2026-04-11 16:03:14.607702+00
9a17ebe9-9988-4abd-94a9-081dfdf1c87c,common tuna,fish,2026-04-11 16:03:14.607702+00
9a899ab2-955c-4bbe-8a6b-d546892bb42e,trassi,seafood,2026-04-11 16:03:14.607702+00
9a9c345a-d030-4cc5-86c1-1ecd4e1ecebc,pupusa,dish,2026-04-11 16:03:14.607702+00
9add5fd8-d1e0-4586-b7b6-d3634b7c0ea6,okra,vegetable,2026-04-11 16:03:14.607702+00
9b00476f-eb58-4e5d-8b86-f99f5e846762,white sucker,fish,2026-04-11 16:03:14.607702+00
9b137e78-2964-4d92-8016-b21cd832f76d,atlantic herring,fish,2026-04-11 16:03:14.607702+00
9b497a81-9582-4bd4-83fd-e0adadc41247,natal plum,fruit,2026-04-11 16:03:14.607702+00
9b6e20a4-50b2-4842-b87d-c027cf01908c,wild boar,meat,2026-04-11 16:03:14.607702+00
9b933628-1e0e-43c0-9830-d2437a7ae0b6,steller sea lion,seafood,2026-04-11 16:03:14.607702+00
9bbfc6ba-2b92-4133-92d9-fbfa27129ae5,cornbread,maize,2026-04-11 16:03:14.607702+00
9c303d9c-100c-4a40-a22e-dba32459981d,sago palm,plant,2026-04-11 16:03:14.607702+00
9ca7ae28-7219-4d11-8690-eb7cef8cd77a,nutmeg,spice,2026-04-11 16:03:14.607702+00
9cf56a80-98e9-47a1-a81e-6454ab3394c3,common verbena,herb,2026-04-11 16:03:14.607702+00
9d58879d-bb40-493c-94c1-253ac6da1fa8,buckwheat,herb,2026-04-11 16:03:14.607702+00
9d5e7f47-b112-48d2-a8fb-8b84040e534d,jasmine,flower,2026-04-11 16:03:14.607702+00
9d65e4db-80ed-4cfb-ada4-d8da8901bad1,meringue,bakery,2026-04-11 16:03:14.607702+00
9e107f1a-d451-4403-a533-36ca1724dc9f,elliott's blueberry,berry,2026-04-11 16:03:14.607702+00
9e28776b-0206-4b40-8789-e8f2fbed4be6,toffee,dish,2026-04-11 16:03:14.607702+00
9e4d9e32-194c-4623-b08a-7f48e3a4a1ba,neroli oil,essential oil,2026-04-11 16:03:14.607702+00
9ea89664-8e89-4b37-b26f-6d1fe9454be0,caviar,fish,2026-04-11 16:03:14.607702+00
9ed7d6db-6b01-461d-9583-b662ec4eae8e,mandarin orange peel oil,essential oil,2026-04-11 16:03:14.607702+00
9eda2973-db26-4cbe-819f-1767a5948ad8,pie crust,bakery,2026-04-11 16:03:14.607702+00
9edbaa0d-2a63-4616-94c2-d11b47d74de8,turkey,meat,2026-04-11 16:03:14.607702+00
9ee256cf-1b7d-4aef-b28e-0e73f11318ec,black raspberry,berry,2026-04-11 16:03:14.607702+00
9eec6d42-c46c-46a3-b7ef-3b07f3ec87f3,muscadine grape,fruit,2026-04-11 16:03:14.607702+00
9fb1462e-6fe7-41bb-9e2d-c4f48296c314,lemon balm,herb,2026-04-11 16:03:14.607702+00
a051b213-3d91-459e-a73a-70e6b746672e,cocoa,seed,2026-04-11 16:03:14.607702+00
a24753e7-e1dd-44ef-883e-e3e1ff78d025,crab,seafood,2026-04-11 16:03:14.607702+00
a294084d-27d5-477a-92a5-0b0d895fcf0f,sheefish,fish,2026-04-11 16:03:14.607702+00
a2e63dea-6ebd-47ea-8362-26f06982f7a5,chinese bayberry,berry,2026-04-11 16:03:14.607702+00
a33b843e-9a22-406d-be81-fd1b846bee54,brown bear,meat,2026-04-11 16:03:14.607702+00
a440e402-6cda-43f4-9e22-047c71b0bfeb,beetroot,vegetable root,2026-04-11 16:03:14.607702+00
a456f689-b926-42cd-973b-06943c9a3443,whiting,fish,2026-04-11 16:03:14.607702+00
a460f3ad-a5fb-4666-a7ae-81e41c66de32,sourdock,herb,2026-04-11 16:03:14.607702+00
a4c91a2d-ccd3-4bc2-b4fc-a233cdc1d770,linden,herb,2026-04-11 16:03:14.607702+00
a4d75fbb-e258-4038-a88b-5b60aa6b8aba,norway pout,fish,2026-04-11 16:03:14.607702+00
a4e09bfc-2177-402e-9de0-9ddb08ea51ab,anise,spice,2026-04-11 16:03:14.607702+00
a54d539c-35a4-437d-8707-1646715cb5dc,moose,meat,2026-04-11 16:03:14.607702+00
a54dd507-eff9-4d93-8997-d7059fb0d13f,lemon grass,essential oil,2026-04-11 16:03:14.607702+00
a54fe76d-6e7c-4feb-9d60-dc684d298229,arrowroot,vegetable tuber,2026-04-11 16:03:14.607702+00
a55a6aba-3c87-4e95-b000-32cb66f544af,botrytized wine,beverage alcoholic,2026-04-11 16:03:14.607702+00
a5b18ab7-278f-4cd2-a9cf-b47d35763044,fried potato,bakery,2026-04-11 16:03:14.607702+00
a6a0afd9-00c1-4731-81c4-1b8b362395c0,egg roll,dish,2026-04-11 16:03:14.607702+00
a6ea9192-ea81-45e1-b468-3de3550a082c,berry,berry,2026-04-11 16:03:14.607702+00
a723dba3-c14c-48bb-a568-17fedb103a88,eggplant,vegetable,2026-04-11 16:03:14.607702+00
a73dde34-6955-4cd6-9645-94f5bcf50cac,purple laver,seafood,2026-04-11 16:03:14.607702+00
a75ad33f-9b3a-4619-b4a6-b44184c7a671,vanilla,fruit essence,2026-04-11 16:03:14.607702+00
a7784ca1-26fb-418f-8124-e0a97bd560ff,hummus,dish,2026-04-11 16:03:14.607702+00
a7fb92d6-9583-4c8e-9a70-ab42ac7e395d,fermented tea,plant derivative,2026-04-11 16:03:14.607702+00
a8f9593d-e05d-4d54-b0a0-d7f57aa70cd0,raccoon,meat,2026-04-11 16:03:14.607702+00
a9485629-bd01-40d9-b348-b9465735780f,rainbow smelt,fish,2026-04-11 16:03:14.607702+00
a9697759-1aea-47f0-b4fe-ca326a1d5941,bourbon whisky,beverage alcoholic,2026-04-11 16:03:14.607702+00
a9c4c78d-8dcf-463c-aabb-cf38d94cd42b,cashew apple,fruit,2026-04-11 16:03:14.607702+00
aa28e533-b194-4168-a2a6-06c9e6bc0065,cider,beverage alcoholic,2026-04-11 16:03:14.607702+00
aa542003-3df1-4d01-8ac1-38a210ebb26c,armagnac brandy,beverage alcoholic,2026-04-11 16:03:14.607702+00
aa54b8ca-a5e1-4d98-8650-b4fd18b7a737,great horned owl,meat,2026-04-11 16:03:14.607702+00
aa836316-a557-4749-8006-906f9c403e55,salmon,fish,2026-04-11 16:03:14.607702+00
aab0cd5f-9382-4ae9-8cc5-318ad9d51f81,mentha oil,essential oil,2026-04-11 16:03:14.607702+00
aaba1114-cdef-4713-8b35-8736c318656d,pie,dish,2026-04-11 16:03:14.607702+00
ab193138-d93d-4a8c-81d2-fda434cf96f5,gruyere cheese,dairy,2026-04-11 16:03:14.607702+00
ab58c7ed-b1d4-4e34-9b9e-e95b3cb30a87,piki bread,bakery,2026-04-11 16:03:14.607702+00
ac076a84-9858-4c74-9a92-6476db0ae6cf,roibos tea,beverage caffeinated,2026-04-11 16:03:14.607702+00
ac31d3a2-4c6f-4105-94e1-02a674dcc33d,other fermented milk,dairy,2026-04-11 16:03:14.607702+00
ad18a7e9-203c-4a77-8425-6135e3a30c58,new zealand spinach,vegetable,2026-04-11 16:03:14.607702+00
ad23f916-3641-4a6e-b5b2-ffefa9fa9f48,raspberry,berry,2026-04-11 16:03:14.607702+00
ad2d64d8-3b8a-4ce1-83ef-1ecfba882b49,spotted seal,seafood,2026-04-11 16:03:14.607702+00
ad3bfa66-df49-4910-896d-53c90d3b1453,pacific herring,fish,2026-04-11 16:03:14.607702+00
ada7105f-3af9-41f2-802c-977158d2aad3,turbot,fish,2026-04-11 16:03:14.607702+00
ae7f0010-094b-40d1-9fb0-25fa401f1907,soy milk,beverage,2026-04-11 16:03:14.607702+00
aee2bb08-16df-497f-a3d2-e8b05dbb9a8a,heart of palm,vegetable,2026-04-11 16:03:14.607702+00
af3879fb-f44d-4d68-9217-bae6da0ad955,sandalwood,essential oil,2026-04-11 16:03:14.607702+00
afff4254-b49c-495f-965a-9b9d51cffa2c,macaroni,plant derivative,2026-04-11 16:03:14.607702+00
b0888878-0858-4677-bdc4-fd96d48af1a5,blueberry,berry,2026-04-11 16:03:14.607702+00
b09d7ed5-ee65-4c55-b4a9-0bec63e57e9d,rhubarb,herb,2026-04-11 16:03:14.607702+00
b0a7f5b5-d35f-4539-8288-2732f6e3d507,chard,vegetable,2026-04-11 16:03:14.607702+00
b12b772c-dcb5-497e-8773-8f020dc196f4,mint,herb,2026-04-11 16:03:14.607702+00
b141b5d5-296e-42f7-80dc-26a8faa57ccf,climbing bean,legume,2026-04-11 16:03:14.607702+00
b154e2cd-089d-4658-aa28-c0fd12f53095,parmesan cheese,dairy,2026-04-11 16:03:14.607702+00
b16aa8dd-40bb-4343-9939-dda96e53c298,melon,fruit,2026-04-11 16:03:14.607702+00
b1c7a113-d702-4192-97e9-8c0ebcbaa098,sherry,beverage alcoholic,2026-04-11 16:03:14.607702+00
b2085fdd-04f2-42b4-a584-2e196376844e,milk fat,dairy,2026-04-11 16:03:14.607702+00
b2749e58-404a-4ea0-8af2-1437bb035bbd,catjang pea,legume,2026-04-11 16:03:14.607702+00
b29e3149-d854-408c-99e5-0d62c13b1656,cuttlefish,fish,2026-04-11 16:03:14.607702+00
b2ca0eb2-b799-469b-abfe-8c06c8c14a11,remoulade,dish,2026-04-11 16:03:14.607702+00
b2cd676a-f3f0-4a87-a1ea-4e02db5ca8b5,pak choy,cabbage,2026-04-11 16:03:14.607702+00
b2e6a80c-b82b-436a-a82d-ecd67cc2a12b,gadiformes,fish,2026-04-11 16:03:14.607702+00
b2ee5cd4-16c0-4ea2-88cc-0491c54caa20,yam,vegetable tuber,2026-04-11 16:03:14.607702+00
b365d406-66fc-4939-8380-ff8c6d008803,agave,plant,2026-04-11 16:03:14.607702+00
b3b8c941-3c51-4460-bf63-e3ea28d72620,lemon verbena,herb,2026-04-11 16:03:14.607702+00
b4274e84-2dd9-4b7b-aeae-1dd086c3cfa8,cloudberry,berry,2026-04-11 16:03:14.607702+00
b447a47e-6778-4601-b484-9ada733abe57,pacific rockfish,fish,2026-04-11 16:03:14.607702+00
b454ae6e-e372-4d38-bad9-47fd80ade6ed,grass pea,legume,2026-04-11 16:03:14.607702+00
b4e233a1-6f13-4056-bf1a-588d2d70e4eb,common ling,fish,2026-04-11 16:03:14.607702+00
b4ea2020-884f-4183-9eeb-927c5efda105,atlantic croaker,fish,2026-04-11 16:03:14.607702+00
b5886e5b-fe12-4793-a9f2-6eb83f5ebe6d,coffee mocha,beverage caffeinated,2026-04-11 16:03:14.607702+00
b59c2307-46f1-4b2f-910b-f62472a40e96,north pacific giant octopus,seafood,2026-04-11 16:03:14.607702+00
b5d9e8f0-2335-4184-8bbf-0f3de8d05ffc,winter squash,fruit,2026-04-11 16:03:14.607702+00
b5fba0cc-e995-4b76-a9f1-976df03bcb42,carob,plant,2026-04-11 16:03:14.607702+00
b64cefa4-c632-4e39-aedc-225b1c13352e,walnut,nut,2026-04-11 16:03:14.607702+00
b6728926-b9eb-4cb7-bdfa-3b367df579ed,beef processed,meat,2026-04-11 16:03:14.607702+00
b674a646-97a5-463a-bae2-3899b88de1ca,peanut,nut,2026-04-11 16:03:14.607702+00
b6791479-4bbe-491e-aa00-aed7c9e23757,borage,herb,2026-04-11 16:03:14.607702+00
b6ab42ba-480d-4462-85ec-cc7d3d1035e8,american shad,fish,2026-04-11 16:03:14.607702+00
b6f0f9c2-1745-4c2c-a7c0-722e1a3934f5,kelp,seafood,2026-04-11 16:03:14.607702+00
b798872c-dfa9-4390-8d42-8783df28a3f2,pleuronectidae,fish,2026-04-11 16:03:14.607702+00
b7ab9eb0-1c53-4f89-b7ce-d68349a509fb,sourdough,cereal,2026-04-11 16:03:14.607702+00
b7bcda1f-5258-4982-b78d-0417bf6ed3af,other frozen dessert,dish,2026-04-11 16:03:14.607702+00
b7e73039-3215-4833-a04e-13a00f8d4db2,japanese persimmon,fruit,2026-04-11 16:03:14.607702+00
b85fd45e-5c7a-4932-8c14-0d93b29ad833,polar bear,meat,2026-04-11 16:03:14.607702+00
b8a5aa91-6812-4095-9e65-b606ee9575c0,nanking cherry,berry,2026-04-11 16:03:14.607702+00
b8b49dd8-3ba2-4e03-a247-c1f5cda00a06,blue cheese,dairy,2026-04-11 16:03:14.607702+00
b8db1761-0091-4347-9778-ca0c146622ac,syrup,additive,2026-04-11 16:03:14.607702+00
b953afbb-5527-4413-97e9-51bad78977e5,myrrh,essential oil,2026-04-11 16:03:14.607702+00
b96d1081-3f3d-4522-96d6-6cddb89d5e1b,bamboo shoots,plant,2026-04-11 16:03:14.607702+00
b979adcd-e3c3-49de-ad12-d654dcf6caba,hard wheat,cereal,2026-04-11 16:03:14.607702+00
b97babff-ac51-499f-8b49-dcf9699865af,soybean,legume,2026-04-11 16:03:14.607702+00
b985d17e-6d4c-4d8e-b165-8965f5a2f638,angelica,herb,2026-04-11 16:03:14.607702+00
b987958a-e072-4ab4-9e9a-4c65b8fc4bbd,celery,spice,2026-04-11 16:03:14.607702+00
b9935468-f73e-404f-b350-50bbc56f0822,rocket salad,herb,2026-04-11 16:03:14.607702+00
b9a284a5-1b3c-445d-97dd-d0b45332bcd9,geranium,essential oil,2026-04-11 16:03:14.607702+00
b9b6fea9-9191-497f-b661-59b7c7156d85,gin,beverage alcoholic,2026-04-11 16:03:14.607702+00
b9c76075-7ab0-4c09-8cf5-b218938682e4,soft drink,beverage,2026-04-11 16:03:14.607702+00
b9fcb058-2a64-4c04-8718-ae9d86f9cfd9,cream,dairy,2026-04-11 16:03:14.607702+00
ba3082aa-340f-4de5-bd95-64428a884a63,cedar,essential oil,2026-04-11 16:03:14.607702+00
ba605eab-f6a0-4aab-8779-66f3966ebf2d,meat bouillon,dish,2026-04-11 16:03:14.607702+00
ba928eca-6f2e-4b7c-ad9c-2843dccb3389,other snack food,dish,2026-04-11 16:03:14.607702+00
baad536c-3050-4563-b3d1-f4b48c0c9a63,garcinia indica,fruit,2026-04-11 16:03:14.607702+00
bb30188e-3f2c-42f7-a038-2599f12911a4,clupeinae,fish,2026-04-11 16:03:14.607702+00
bb3234c4-95ca-4d4f-87cb-1023cea282d4,potato chip,bakery,2026-04-11 16:03:14.607702+00
bb6ad62a-fc2c-4b92-be2b-a05682a8ac82,bluefish,fish,2026-04-11 16:03:14.607702+00
bb843c23-d554-4a6c-8eb7-ea15a7ce7a6c,enokitake,fungus,2026-04-11 16:03:14.607702+00
bba2702b-cc89-4e19-9b34-9b0c53b9bd2f,ginkgo nuts,nut,2026-04-11 16:03:14.607702+00
bbe5ab31-b8e8-4bc7-95fe-44c95108ae7f,skimmed milk,dairy,2026-04-11 16:03:14.607702+00
bc0dca33-bf42-473b-b425-6372e3bd1d23,ascidians,seafood,2026-04-11 16:03:14.607702+00
bc16f9b3-590f-432b-9e7c-76ab890b984a,citrus peel oil,essential oil,2026-04-11 16:03:14.607702+00
bc4a7d55-1b65-4794-b9a7-7ce483b0ade4,cabbage,cabbage,2026-04-11 16:03:14.607702+00
bc544493-ebba-4934-9de9-d2ec78e017e4,hamburger,dish,2026-04-11 16:03:14.607702+00
bc84aaf7-47c7-407f-aa4e-75586f876301,salmonidae,fish,2026-04-11 16:03:14.607702+00
bcdf8b70-1d0a-498a-9b5d-f82338fe53c7,lingcod,fish,2026-04-11 16:03:14.607702+00
bd08d44e-104e-43b1-b626-105277502096,thyme,herb,2026-04-11 16:03:14.607702+00
bd38a9f8-bf97-4851-876b-8c8b3572d68a,whey,dairy,2026-04-11 16:03:14.607702+00
bd5ec4a3-167d-4bc6-826f-aef3d8e50fcf,pudding,dish,2026-04-11 16:03:14.607702+00
bd97eab5-fe41-4c1c-97d5-797dc582322b,phyllo dough,bakery,2026-04-11 16:03:14.607702+00
bde3743c-8c98-433b-9e98-7ce082815bca,potato puffs,dish,2026-04-11 16:03:14.607702+00
bdfa1829-956d-406a-9ac3-9e4070a69043,wort,beverage,2026-04-11 16:03:14.607702+00
be0a5b53-b7d7-4691-ada4-be25743816d3,caraway,spice,2026-04-11 16:03:14.607702+00
be685604-1290-4584-b131-923084d89826,calamus,herb,2026-04-11 16:03:14.607702+00
bef8c8fd-a929-49e9-b6bb-130f77c52b31,stew,dish,2026-04-11 16:03:14.607702+00
bf488131-a2f7-49ca-8a60-5a84f329b230,bilberry,berry,2026-04-11 16:03:14.607702+00
c01bc265-c11c-4fd9-b297-ca9a2e033fa4,quail,meat,2026-04-11 16:03:14.607702+00
c020bb94-ebe2-4e9d-8c98-2ebccf51c65e,chervil,herb,2026-04-11 16:03:14.607702+00
c03035e9-8616-47bf-b8e2-d255a67ccdd2,blue whiting,fish,2026-04-11 16:03:14.607702+00
c05ac8f6-883f-4c56-836e-9260780149f3,roe,fish,2026-04-11 16:03:14.607702+00
c0827a83-73b9-4651-bca2-3b3a17544a89,spearmint,herb,2026-04-11 16:03:14.607702+00
c14922b5-ce9e-4044-af1a-c335522e3020,litchi,fruit,2026-04-11 16:03:14.607702+00
c149ea8d-b1c8-4d23-9023-69f03a93bb9a,squab,meat,2026-04-11 16:03:14.607702+00
c1642a23-6ff6-4565-9215-9b16457d52a5,oregon yampah,plant,2026-04-11 16:03:14.607702+00
c1b64433-2c53-4c0f-84e3-f1c3f1b43fe4,kohlrabi,cabbage,2026-04-11 16:03:14.607702+00
c20b920f-e858-40a3-b3f4-7342a4b71caf,spanish mackerel,fish,2026-04-11 16:03:14.607702+00
c22c6017-1817-4d92-bac0-60a7f1ad0b9b,painted comber,fish,2026-04-11 16:03:14.607702+00
c249d65f-a647-4f70-a5f7-7b9507834619,oregano,spice,2026-04-11 16:03:14.607702+00
c258773f-4524-41ff-8f49-09920cc83ee8,ravioli,dish,2026-04-11 16:03:14.607702+00
c26376b5-e6b0-4bb3-889c-918a0f10712a,wonton wrapper,bakery,2026-04-11 16:03:14.607702+00
c313111a-1d0e-488c-8631-dc4609becd51,yarrow,essential oil,2026-04-11 16:03:14.607702+00
c34884c5-4acf-4886-b4b7-0048163b197b,greater sturgeon,fish,2026-04-11 16:03:14.607702+00
c39ee2f2-6e8d-45a1-a8fc-f9231f47c777,cichlidae,fish,2026-04-11 16:03:14.607702+00
c47a2655-1405-48af-8883-26f23da3714c,mountain papaya,fruit,2026-04-11 16:03:14.607702+00
c4960c11-5ca0-4879-8032-d79ff42ec006,rye bread,bakery,2026-04-11 16:03:14.607702+00
c4f4b870-cfea-4e74-ba27-2924f7de4897,buffalo,meat,2026-04-11 16:03:14.607702+00
c57cd303-e9af-4cc8-9ee4-64c71e27f859,sea trout,fish,2026-04-11 16:03:14.607702+00
c5e322ad-0a8b-437c-ab3b-a96bafcaea08,fish burger,dish,2026-04-11 16:03:14.607702+00
c5ebdca0-d280-4e64-b7fd-5a8ded6e1b57,french toast,bakery,2026-04-11 16:03:14.607702+00
c6278238-0839-4764-8a16-bf14902b1777,plum,fruit,2026-04-11 16:03:14.607702+00
c6b32a9b-b441-4c0b-ac28-524814c1bd4e,rapini,cabbage,2026-04-11 16:03:14.607702+00
c6be50e1-7a44-488e-8e11-9a3ee777bc82,tamale,dish,2026-04-11 16:03:14.607702+00
c6f4aea3-0ff5-443d-b6af-a653478fa219,cisco,fish,2026-04-11 16:03:14.607702+00
c6ff75d7-135b-4b23-983e-cd43781bf2bd,sweet grass,essential oil,2026-04-11 16:03:14.607702+00
c708f308-eadd-4ce1-a2d6-8fe42d194e3e,channel catfish,fish,2026-04-11 16:03:14.607702+00
c7385a2e-c324-4000-a35f-2113cb35f430,babassu palm,plant,2026-04-11 16:03:14.607702+00
c75eacb6-dd3e-4c68-b760-c134263578fe,oats,cereal,2026-04-11 16:03:14.607702+00
c7c8e511-5a9b-4b3a-95ee-9faa24bb28aa,cetacea,fish,2026-04-11 16:03:14.607702+00
c7e2ca87-2f24-49f2-8553-5ce7bf2f83bb,soy yogurt,plant derivative,2026-04-11 16:03:14.607702+00
c84a92f0-8779-423f-ad4a-9dc63692c5f9,maitake,fungus,2026-04-11 16:03:14.607702+00
c8a5010d-3723-4dd3-8739-b367c592f855,guinea hen,meat,2026-04-11 16:03:14.607702+00
c8efbd8d-0d4a-4d99-b1e3-d8c7b77c92a0,quinoa,cereal,2026-04-11 16:03:14.607702+00
c9010c36-48c9-4a87-8eca-4b40bcd79fc6,burdock,vegetable,2026-04-11 16:03:14.607702+00
c9a1f9fe-70e7-4d48-adbb-03c95686cf45,muskmallow,seed,2026-04-11 16:03:14.607702+00
c9b56666-e561-4571-8355-649d43080f55,tomato,vegetable fruit,2026-04-11 16:03:14.607702+00
ca03b4ef-aea8-49a1-a840-683634cf88fb,malt,cereal,2026-04-11 16:03:14.607702+00
ca1701be-c436-469f-a945-3beeab873cbe,couscous,dish,2026-04-11 16:03:14.607702+00
ca84ff16-9960-4812-b561-93d8564e946b,scotch whisky,beverage alcoholic,2026-04-11 16:03:14.607702+00
ca993a72-8fb5-47b7-981d-608bb9651c2f,mexican groundcherry,berry,2026-04-11 16:03:14.607702+00
cb17622a-3a0c-41b6-b2a8-71a2c9d66205,jellyfish,seafood,2026-04-11 16:03:14.607702+00
cb2d397d-6e55-4e43-a51d-0d1bd9e7c360,black bear,meat,2026-04-11 16:03:14.607702+00
cb9787f4-2446-49e2-8e04-e3f1188c09c0,silver linden,herb,2026-04-11 16:03:14.607702+00
cba6e22c-8fac-4b24-9219-7cf827b0cb91,asparagus,vegetable stem,2026-04-11 16:03:14.607702+00
cc0c8c03-b500-4a97-87ed-624db605572b,avocado,fruit,2026-04-11 16:03:14.607702+00
cc5966a4-819f-415f-a9a6-3c5002690374,camembert cheese,dairy,2026-04-11 16:03:14.607702+00
cc601f16-0dc9-4e06-973a-f81b6320c093,peas,legume,2026-04-11 16:03:14.607702+00
cc60e62c-aa69-4a73-96c7-5af377cba351,tilsit cheese,dairy,2026-04-11 16:03:14.607702+00
cc98e60e-ac84-4fa6-844f-850c93440de0,cottonseed,plant derivative,2026-04-11 16:03:14.607702+00
cca804f9-805f-429d-bcbc-79b94683bbe3,turkey berry,vegetable fruit,2026-04-11 16:03:14.607702+00
ccd2f9ee-fd0a-4be7-84c7-5d5a8fc6da25,clam,seafood,2026-04-11 16:03:14.607702+00
cd09c47a-e184-4f89-9491-ba6a70aa3a19,breakfast cereal,cereal,2026-04-11 16:03:14.607702+00
cd798da3-f2f4-443b-922d-abc42c0105da,annual wild rice,cereal,2026-04-11 16:03:14.607702+00
cd8b1a1d-942a-4cf6-a388-cb89608d5f99,wasabi,cabbage,2026-04-11 16:03:14.607702+00
cdc20b74-9827-4ff6-9f28-834608fb7b60,lentils,legume,2026-04-11 16:03:14.607702+00
ce41012c-bf55-4ea8-88cc-9b19957e8fa3,common dab,fish,2026-04-11 16:03:14.607702+00
ce8e1d40-a130-45aa-986c-59d421c860a4,longan,plant,2026-04-11 16:03:14.607702+00
cf598b9f-38b2-4c78-86eb-e204d79f6b91,baked potato,dish,2026-04-11 16:03:14.607702+00
cf6a2e04-b29c-494f-a18d-2ca23c426d09,leavening agent,additive,2026-04-11 16:03:14.607702+00
cfac1b89-8942-420e-ac37-d7b6dc0e2f1c,flour,cereal,2026-04-11 16:03:14.607702+00
cfc74bf9-3429-45f4-ba94-c21f8666a6d8,berry wine,beverage alcoholic,2026-04-11 16:03:14.607702+00
d0162c4f-4d5b-4ce5-9cf2-200067c980b6,blackberry brandy,beverage alcoholic,2026-04-11 16:03:14.607702+00
d02bb1c7-416b-4fbe-9710-4be6d77b20fc,bottlegourd,gourd,2026-04-11 16:03:14.607702+00
d04b5edf-636e-4710-94fd-c9266a720990,scotch spearmint,herb,2026-04-11 16:03:14.607702+00
d070708c-b615-4087-9b18-7eb6c8690ce0,horseradish,cabbage,2026-04-11 16:03:14.607702+00
d08e6f2a-f853-42cf-9368-1bcc2cb3b61c,canada blueberry,berry,2026-04-11 16:03:14.607702+00
d09f750e-0659-42bb-a2ce-b6038638df26,fruit gum,dish,2026-04-11 16:03:14.607702+00
d12a938e-249f-448d-9761-522bc3838038,spirulina,additive,2026-04-11 16:03:14.607702+00
d17e9b93-86db-48c1-86dd-0e77525e846d,pot pie,dish,2026-04-11 16:03:14.607702+00
d19fb447-1964-47d5-9e0b-6b3ef7103e17,dumpling,dish,2026-04-11 16:03:14.607702+00
d1f3f0a1-f33c-4c16-9b73-b54ac640201a,brandy,beverage alcoholic,2026-04-11 16:03:14.607702+00
d21389d7-8320-4d44-8971-9d32b101a69a,dill,herb,2026-04-11 16:03:14.607702+00
d2229362-0b08-41cd-a5e1-f464e8ce7c79,fish oil,fish,2026-04-11 16:03:14.607702+00
d310d575-e5c6-4db2-9530-95ebccd058d0,cold cut,dish,2026-04-11 16:03:14.607702+00
d316f9d8-6858-4fd3-902d-8117771e206e,common octopus,seafood,2026-04-11 16:03:14.607702+00
d325b754-8af9-4991-82e6-bde823497a52,corn grits,maize,2026-04-11 16:03:14.607702+00
d33cf2bd-5466-4c3c-97be-0a1eab04e14b,sweet potato,vegetable root,2026-04-11 16:03:14.607702+00
d34bc22e-6769-4a93-b8dc-32942f035d75,fir,essential oil,2026-04-11 16:03:14.607702+00
d3f427aa-4824-4e58-affe-5f47f3c4a594,cascarilla,essential oil,2026-04-11 16:03:14.607702+00
d4349a67-6b3c-4df0-879c-cef044011c8b,swordfish,fish,2026-04-11 16:03:14.607702+00
d4d26466-ee2c-4e58-a421-986dccfdcf97,drumstick leaf,vegetable,2026-04-11 16:03:14.607702+00
d4f124c5-313e-48f3-b7ac-372e18d42e06,relish,dish,2026-04-11 16:03:14.607702+00
d4fc0fc7-e653-4feb-8e57-55cb336265e7,sugar substitute,additive,2026-04-11 16:03:14.607702+00
d506fc5b-89fb-4390-904a-25aa57f5177b,colorado pinyon,plant,2026-04-11 16:03:14.607702+00
d56e80ab-bfff-42b5-943b-b21acfbfcc20,lemon peel oil,essential oil,2026-04-11 16:03:14.607702+00
d5b17ddc-f38c-425a-9a94-7165009ae00e,chia,herb,2026-04-11 16:03:14.607702+00
d5fead0f-b043-4e16-a3b5-55cf91b78b0d,striped bass,fish,2026-04-11 16:03:14.607702+00
d66d3f56-88d9-4dd0-96e6-f03985b4b24d,codfish,fish,2026-04-11 16:03:14.607702+00
d6b0a98a-aa33-45e8-bdab-93e82cf0476b,shallot,vegetable,2026-04-11 16:03:14.607702+00
d6e0d502-ef98-4819-a793-592ec00a7b1c,ghee,dairy,2026-04-11 16:03:14.607702+00
d76cebaf-038e-438f-b220-cdceac20c347,teff,herb,2026-04-11 16:03:14.607702+00
d77a33d0-0ced-4a46-abd0-a91a5243e483,basmati rice,cereal,2026-04-11 16:03:14.607702+00
d77b560b-9473-4644-8f7e-19495ecec025,chinese chestnut,nut,2026-04-11 16:03:14.607702+00
d7cc54d5-c824-44a1-aa4e-aa137cfd4465,white bread,bakery,2026-04-11 16:03:14.607702+00
d837deb0-5344-4f3d-aa3f-b7592c82e285,fruit salad,dish,2026-04-11 16:03:14.607702+00
d871a492-4e34-4057-8a7a-51c79eca4bd1,pepper c. chinense,vegetable,2026-04-11 16:03:14.607702+00
d8aeb185-d23c-4230-93a3-dc5ca5e272a5,vinegar,plant derivative,2026-04-11 16:03:14.607702+00
d90d8c1f-31a1-44e9-8173-45712865eea1,marzipan,dish,2026-04-11 16:03:14.607702+00
d90ddcd1-88e5-465f-bbec-a0489abfb9bf,persimmon,fruit,2026-04-11 16:03:14.607702+00
da525982-e6ed-4992-ae50-55022d606762,charr,fish,2026-04-11 16:03:14.607702+00
da7494ca-57f1-428d-accf-45aea57d147d,tobacco,plant,2026-04-11 16:03:14.607702+00
da7833e6-0a93-4e7f-890f-933b4e83736f,anatidae,meat,2026-04-11 16:03:14.607702+00
da8f97b8-bc3b-41de-b2ef-feda0e0a639e,soup,dish,2026-04-11 16:03:14.607702+00
dbb16a82-e606-4e2a-b7b2-1cc6a9175e60,oat bread,bakery,2026-04-11 16:03:14.607702+00
dc1f5a9e-e60e-4d56-bc0c-3dfa21da4e3b,enchilada,dish,2026-04-11 16:03:14.607702+00
dc21f6cd-dc22-4056-881f-46f22859bec0,passionfruit,fruit,2026-04-11 16:03:14.607702+00
dc2c3ead-c980-4872-a42f-90de8bd3aeba,capsicum,vegetable fruit,2026-04-11 16:03:14.607702+00
dc877ac8-b153-4efb-b9d2-b4bba39ea39b,cinnamon,spice,2026-04-11 16:03:14.607702+00
dc9318cf-4780-41cf-96d3-52716ec85335,mixed nuts,nut,2026-04-11 16:03:14.607702+00
dcde8194-7fb5-4ba4-8cdf-d37f9141f4bb,buchu,essential oil,2026-04-11 16:03:14.607702+00
ddbbed7f-0d07-4bcb-a350-ce983dd61775,evening primrose,herb,2026-04-11 16:03:14.607702+00
de1b427a-c17d-4176-8a68-41532779f293,stuffing,additive,2026-04-11 16:03:14.607702+00
de1f83d0-f94d-4d11-9a08-5022d8cad165,prickly pear,fruit,2026-04-11 16:03:14.607702+00
de77b347-8b7f-4fc2-a41d-1872b82b0b58,narrowleaf cattail,herb,2026-04-11 16:03:14.607702+00
deec8e57-7f52-4542-8230-9b8dbe1afd79,common salsify,plant,2026-04-11 16:03:14.607702+00
df077ac5-0d54-42fb-9aed-7cfd664d5414,alpinia,plant,2026-04-11 16:03:14.607702+00
df176021-2aa5-48f6-b4c1-309879b1e594,cardoon,plant,2026-04-11 16:03:14.607702+00
df868406-8184-4de8-8af6-f7882e77ff08,american pokeweed,herb,2026-04-11 16:03:14.607702+00
df9d735e-8dbc-4bc4-b06f-94bc55c00c6f,norway haddock,fish,2026-04-11 16:03:14.607702+00
dfaa169a-73ff-4929-9ddc-41aa7517d1ec,jicama,vegetable tuber,2026-04-11 16:03:14.607702+00
e035b3f1-69f2-4eb4-81ed-074988132c79,yogurt,dairy,2026-04-11 16:03:14.607702+00
e05f2393-6dcc-47ae-80ab-5cad26350bca,leek,vegetable,2026-04-11 16:03:14.607702+00
e0875ec3-9f83-4f0e-85d4-74bc3e4171cd,marshmallow,bakery,2026-04-11 16:03:14.607702+00
e0ba9762-f9ef-4e44-a508-8c9e2cb6f2d0,ginseng,vegetable root,2026-04-11 16:03:14.607702+00
e0bbfbb0-089f-44c9-a9e5-70cdf8eedae4,sturgeon,fish,2026-04-11 16:03:14.607702+00
e0f59047-0e8d-427a-917b-6df78d3e6c13,rowanberry,berry,2026-04-11 16:03:14.607702+00
e1273a99-7709-4547-b274-017bc3803d80,vermouth,beverage alcoholic,2026-04-11 16:03:14.607702+00
e13fa5e8-691c-4b19-a052-fbbb32c9f207,true sole,fish,2026-04-11 16:03:14.607702+00
e1c677a1-5c8b-4224-a6d8-3226e7bab08a,strawberry wine,beverage alcoholic,2026-04-11 16:03:14.607702+00
e2588d8a-2310-4fc3-ba75-e724bbc06489,mulberry,berry,2026-04-11 16:03:14.607702+00
e3bb73e7-cc7a-459c-b1e6-bbc023cb711a,lumpsucker,fish,2026-04-11 16:03:14.607702+00
e3d7dd11-4bb4-4834-8bfb-d47da32afe61,sapodilla,fruit,2026-04-11 16:03:14.607702+00
e3e436cb-4c93-472c-9c04-d522c5d08d38,chili,dish,2026-04-11 16:03:14.607702+00
e3f2832f-fb62-4ed9-86e2-bdaa14822f45,sea cucumber,seafood,2026-04-11 16:03:14.607702+00
e3f6bd21-d4b9-4e9c-a380-01d2b46184b6,beans,legume,2026-04-11 16:03:14.607702+00
e4497bbe-ffe8-4625-bd90-f4dc5a1418da,chamomile,essential oil,2026-04-11 16:03:14.607702+00
e4be0e6c-298f-4c7f-bfd1-7613207f0442,durian,fruit,2026-04-11 16:03:14.607702+00
e4cf0f99-4395-42e0-b4e7-1905160c5c0c,pear brandy,beverage alcoholic,2026-04-11 16:03:14.607702+00
e4efdaaf-4b22-4a8c-97c0-0685153c050a,goat cheese,dairy,2026-04-11 16:03:14.607702+00
e5a4c5db-a8ca-4f7d-965b-2edeb5be84fc,focaccia,bakery,2026-04-11 16:03:14.607702+00
e5a928f2-2e40-4d9e-9389-fa0c9ed918a7,pate,dish,2026-04-11 16:03:14.607702+00
e60ca8bd-d8f5-46d5-99c6-27a300148121,whitefish,fish,2026-04-11 16:03:14.607702+00
e617b0a7-18a3-49ad-b7e7-06f36c3bd321,pigeon pea,legume,2026-04-11 16:03:14.607702+00
e6388b27-4ccf-4c74-9587-a1b8cd700664,swiss cheese,dairy,2026-04-11 16:03:14.607702+00
e65a3c77-d6cf-4891-a35a-7253d514bd56,columbidae,meat,2026-04-11 16:03:14.607702+00
e6638c73-5ef3-4cc3-a036-fcdbcb15b710,cardamom,spice,2026-04-11 16:03:14.607702+00
e6860344-9ce6-488f-9fda-a2dd9ebff7ed,oil palm,plant,2026-04-11 16:03:14.607702+00
e6c2fed2-2586-4533-8abe-a9ca721dbaae,broccoli,cabbage,2026-04-11 16:03:14.607702+00
e6f76174-f640-4128-bf52-4d342d1095bd,pacific ocean perch,fish,2026-04-11 16:03:14.607702+00
e6f803b8-95ba-41cf-957d-277cc6cedf4d,black currant,fruit,2026-04-11 16:03:14.607702+00
e7515496-b9d9-410a-99f3-352ecae43a7b,oyster,seafood,2026-04-11 16:03:14.607702+00
e75a55b6-8951-4de5-9458-48ae021f7094,honey,plant derivative,2026-04-11 16:03:14.607702+00
e819828d-4377-494d-b1bd-4450e61c3f85,myrtle,plant,2026-04-11 16:03:14.607702+00
e81abf18-1739-4312-9d4a-d3cca73eb96c,coho salmon,fish,2026-04-11 16:03:14.607702+00
e842abb4-b910-41d1-b058-71bb19513b26,freshwater eel,fish,2026-04-11 16:03:14.607702+00
e8b171b3-9414-40af-9cef-9dd60e0f757e,jujube,fruit,2026-04-11 16:03:14.607702+00
e8d0b0e3-3fb3-4b9b-8326-a3095feebaa1,horse,meat,2026-04-11 16:03:14.607702+00
e9519f52-425a-403b-9070-e6075152afde,common persimmon,fruit,2026-04-11 16:03:14.607702+00
e9d9fec5-3924-4526-9ad4-6c06f2a7f3d5,deer,meat,2026-04-11 16:03:14.607702+00
e9daa148-1c61-4640-9744-772fe04cc547,pacific sardine,fish,2026-04-11 16:03:14.607702+00
e9ea4b7a-0f08-40b0-a988-6e5e78c55e19,hyssop oil,essential oil,2026-04-11 16:03:14.607702+00
ea3cab15-4e7b-4490-aea0-4507627c85ac,bitter cherry,berry,2026-04-11 16:03:14.607702+00
ea6a6f83-80f0-4d33-abd0-d8cacbbfa6bc,opossum,meat,2026-04-11 16:03:14.607702+00
eadeeb46-4416-4299-8710-03e1f3e600a3,evaporated milk,dairy,2026-04-11 16:03:14.607702+00
eb7acb8a-324d-4b92-9230-96ceb31a811a,bartlett pear,fruit,2026-04-11 16:03:14.607702+00
ebcadc6f-9aff-490e-a212-c6869d93e407,cumin,spice,2026-04-11 16:03:14.607702+00
ebd6178c-3dff-4222-ba2c-dc0d574a24bd,poppy seed,spice,2026-04-11 16:03:14.607702+00
ec2c9acc-fec0-4913-8eb2-7092309908bb,turmeric,spice,2026-04-11 16:03:14.607702+00
ec603e6e-82b1-46d0-8311-9583db1f44b6,triticale,cereal,2026-04-11 16:03:14.607702+00
ecf565c3-aea2-4477-8d61-28e89395caf2,sparkleberry,berry,2026-04-11 16:03:14.607702+00
edc60b88-d957-4932-b5d5-92492c7ddcfc,rutabaga,vegetable root,2026-04-11 16:03:14.607702+00
ee686130-b591-4d6f-be1d-8f734696e1e9,spelt,cereal,2026-04-11 16:03:14.607702+00
eeafd46a-ed3d-40b4-a371-77c8f4ff95e0,rose hip,fruit,2026-04-11 16:03:14.607702+00
eecdc92d-e83f-42a7-92cb-bcfd60149269,horchata,beverage,2026-04-11 16:03:14.607702+00
eed8e7e7-02a6-49f2-a06f-fdea051d2e3c,wakame,seafood,2026-04-11 16:03:14.607702+00
ef0d9f2c-0d2e-48f8-9ffe-12bc835d78ee,ashgourd,gourd,2026-04-11 16:03:14.607702+00
ef418bf4-c7f4-4253-9dd2-7aa98e4bd302,ricotta cheese,dairy,2026-04-11 16:03:14.607702+00
ef520253-04dc-4558-9721-81b6fac4097f,pineapple,fruit,2026-04-11 16:03:14.607702+00
ef79e310-5918-448f-87fe-4fd0ca0bf925,atlantic menhaden,fish,2026-04-11 16:03:14.607702+00
efa5ace3-f76a-4d25-8346-54a0304512e7,apple sauce,fruit,2026-04-11 16:03:14.607702+00
efd9f80c-0a88-45ae-9a5b-5790499db16d,krill,seafood,2026-04-11 16:03:14.607702+00
f09ef98e-0801-467f-9d00-e733197a6192,black salsify,plant,2026-04-11 16:03:14.607702+00
f0c6696a-dda0-4cc7-ab34-e3d970a9a207,domiati cheese,dairy,2026-04-11 16:03:14.607702+00
f1194704-17fc-41b1-94b1-dd5714105c7b,pikeperch,fish,2026-04-11 16:03:14.607702+00
f1c3fd5f-3f65-4284-b9ff-8ee720c925bf,garlic,herb,2026-04-11 16:03:14.607702+00
f1c94c81-2d10-43aa-8f8b-a27d21d9faf6,carom seed,spice,2026-04-11 16:03:14.607702+00
f39e9e57-6709-4b0e-8c83-573412d51176,popcorn,maize,2026-04-11 16:03:14.607702+00
f3cc8370-0956-4228-97f2-e3ee4a4aa445,pan dulce,bakery,2026-04-11 16:03:14.607702+00
f3dcaed8-a5af-49f8-a1cd-4eb8cde73df9,cocoa butter,plant derivative,2026-04-11 16:03:14.607702+00
f42b2a1c-b998-4320-8b2d-74c3cf9a270a,green turtle,meat,2026-04-11 16:03:14.607702+00
f48b7810-3305-4b96-a9d7-4370a1efc528,frybread,dish,2026-04-11 16:03:14.607702+00
f4c229bd-cc7b-4041-9009-3820c205954a,percoidei,fish,2026-04-11 16:03:14.607702+00
f5569168-753b-4f95-b795-f0abac6ef11e,leather chiton,seafood,2026-04-11 16:03:14.607702+00
f556e24f-898d-43be-b5c9-655cc9325090,beech nut,nut,2026-04-11 16:03:14.607702+00
f5abe65d-aa2d-41c6-b557-515791765f65,peach,fruit,2026-04-11 16:03:14.607702+00
f610bb97-b73b-4538-bc43-802878d19c08,buffalo currant,fruit,2026-04-11 16:03:14.607702+00
f66c1282-991f-4609-87a7-a6d2b75b49f2,sablefish,fish,2026-04-11 16:03:14.607702+00
f6eb4d1c-8d6e-4dd7-baae-9924a5e9b360,irish moss,seafood,2026-04-11 16:03:14.607702+00
f706ac45-45d7-44f1-bf90-3776989e294b,hyacinth,essential oil,2026-04-11 16:03:14.607702+00
f72f0d0c-67c7-4d58-9546-73c60305198a,russian cheese,dairy,2026-04-11 16:03:14.607702+00
f76de439-268f-43de-89a8-00ad83ad301b,provolone cheese,dairy,2026-04-11 16:03:14.607702+00
f7727b82-c40c-4d91-80a8-3e9aa4c9ae05,other meat product,meat,2026-04-11 16:03:14.607702+00
f804f166-9115-4e04-a892-51cb56ba393e,spread,additive,2026-04-11 16:03:14.607702+00
f8df2248-35f5-49f7-93dc-c28c8bee5b51,groundcherry,berry,2026-04-11 16:03:14.607702+00
f8fd9719-0269-4348-83bc-97db610a9635,beverage alcolohic other,beverage alcoholic,2026-04-11 16:03:14.607702+00
f9634149-5806-49d7-bb64-54123748e278,lettuce,vegetable,2026-04-11 16:03:14.607702+00
f9b2b87c-0622-422a-a000-efad633ab500,sassafras,plant,2026-04-11 16:03:14.607702+00
f9ba07c0-9e6f-4288-8399-b5477bc56f08,pumpkinseed sunfish,fish,2026-04-11 16:03:14.607702+00
f9c0a6fd-d513-40e5-8169-1ed21129f454,alaska wild rhubarb,plant,2026-04-11 16:03:14.607702+00
f9eebe41-0ad2-4407-b66b-6516811d6cc6,potato gratin,dish,2026-04-11 16:03:14.607702+00
fa13cba6-6666-49e8-a07e-3fe3eb8d7b11,kumquat,fruit citrus,2026-04-11 16:03:14.607702+00
fa4ab356-c878-4181-bab0-4807e596c47d,japanese pumpkin,fruit,2026-04-11 16:03:14.607702+00
fabfcdbe-ea2b-436c-9152-0b684a2bac64,fudge,bakery,2026-04-11 16:03:14.607702+00
fad95354-3a91-40de-88ed-93dc8993c1a1,red rice,cereal,2026-04-11 16:03:14.607702+00
fbb28bfa-93d1-4044-a32a-202e85c23d19,sheep milk,dairy,2026-04-11 16:03:14.607702+00
fbef9a47-4b01-4d07-ab30-abab19723e0c,ocean pout,fish,2026-04-11 16:03:14.607702+00
fd15a78e-3f2f-4b30-a429-ea50933d895f,tostada,dish,2026-04-11 16:03:14.607702+00
fd160f80-c20c-419e-8439-046f98f50b1f,purple mangosteen,fruit,2026-04-11 16:03:14.607702+00
fd67c7ef-e00e-4f60-aeef-8c50336656ec,soybean oil,legume,2026-04-11 16:03:14.607702+00
fdc0d643-3dcd-441c-9b16-b1bf47f65d46,nachos,dish,2026-04-11 16:03:14.607702+00
fe0a9a7f-b724-49b0-8eb1-d8efa2d9793e,pacific jack mackerel,fish,2026-04-11 16:03:14.607702+00
fe7ef588-eeaa-4023-82ba-ed000adee005,vodka,beverage alcoholic,2026-04-11 16:03:14.607702+00
fef3bc3e-bfe5-490c-9b02-fb416d7e24c5,mango,fruit,2026-04-11 16:03:14.607702+00
ff3825bb-d2b9-4cdb-9c61-69653b66ccff,ham,meat,2026-04-11 16:03:14.607702+00
ffb70602-104b-4023-b4cf-59ca369d456d,papaya brandy,beverage alcoholic,2026-04-11 16:03:14.607702+00
ffe6da27-a961-470e-a60e-e0486c35da54,cashew nut,nut,2026-04-11 16:03:14.607702+00
ffe7ea6c-77e7-47ea-baec-868e4ebceb0d,giant butterbur,plant,2026-04-11 16:03:14.607702+00